Workbook

Sheet 使い方
A1: アポ管理表（LINE・MEO）の使い方
A3: ■ 入力するのは5か所だけ
A4: ① 全体集計(入力)触るな(大阪)／(京都) …… アポインター・詰め直し・商談の結果（1行＝1アポ）。メニュー「ダービー貼付」から登録できます
A5: ② クローザー集計(入力)触るな …… クローザーの商談結果（大阪・京都共通、自アポ・紹介も含む）。商談メモ登録で自動追加。最終結果・月額・初期費用・ジアポは手入力
A6: ③ シフト入力 …… 1行＝1人×1日。提出（予定）と実際の出勤・退勤・休憩を入力すると稼働時間が自動計算
A7: ④ 設定 …… 対象月・営業日数・目標（大阪/京都）・想定の率・順位ルールの数値
A8: ⑤ マスタ …… メンバーと選択肢（シフト名簿の「シフトエリア」で、誰の稼働時間をどのエリアに入れるか決める）
A9: それ以外（IS進捗・FS進捗・合計サマリー・クローザーサマリー）は全部自動計算です。
A11: ■ 毎月の始め方
A12: 1. 前月のファイルの「月次実績」4行目を、下の空いている行に「値のみ貼り付け」して実績を残す
A13: 2. このファイルを「ひな形」として、ファイル → コピーを作成 で新しい月のファイルを作る（月次実績シートは前月ファイルからコピー）
A14: 3. 設定シートの「対象月」「営業日数」「目標」を更新
... A28: 黄色＝入力するセル ／ 青灰色＝自動計算 ／ 青文字＝設定値

Sheet IS進捗
A1: IS進捗（アポ）
A2: =TEXT(設定!$B$5,"yyyy年m月")&" 営業日 "&設定!$B$9&" / "&設定!$B$6&" 日目（残り "&設定!$B$10&" 日）" -> 2026年11月 営業日 0 / 21 日目（残り 21 日）
B4: エリア比較
B5: 項目 | C5: 大阪 | D5: 京都 | E5: 合計
B6: アポ件数 | C6: =F18 -> 0 | D6: =F44 -> 0 | E6: =C6+D6 -> 0
B7: 決済者アポ件数 | C7: =F19 -> 0 | D7: =F45 -> 0 | E7: =C7+D7 -> 0
B8: 決済詰めOK | C8: =F20 -> 0 | D8: =F46 -> 0 | E8: =C8+D8 -> 0
B9: 決済者商談実施数 | C9: =F22 -> 0 | D9: =F48 -> 0 | E9: =C9+D9 -> 0
B10: 受注数 | C10: =F24 -> 0 | D10: =F50 -> 0 | E10: =C10+D10 -> 0
B11: 実施待ち件数 | C11: =F23 -> 0 | D11: =F49 -> 0 | E11: =C11+D11 -> 0
B12: アポ件数（着地予想） | C12: =I18 -> 0 | D12: =I44 -> 0 | E12: =C12+D12 -> 0
B13: アポ件数進捗（着地÷目標） | C13: =I20 -> 0 | D13: =I46 -> 0 | E13: =IFERROR((I18+I44)/(C21+C47),0) -> 0
B14: 稼働時間（実際） | C14: =F29 -> 0 | D14: =F55 -> 0 | E14: =C14+D14 -> 0
B15: SPH | C15: =F30 -> 0 | D15: =F56 -> 0 | E15: =IFERROR((F18+F44)/(F29+F55),0) -> 0
B16: ■ 大阪
B17: 営業日数値・目標 | E17: IS現状数値 | H17: 予想数値（このペースの着地）
B18: 営業日数 | C18: =設定!$B$6 -> 21 | E18: アポ件数 | F18: =COUNTA('全体集計(入力)触るな(大阪)'!$L$2:$L$501) -> 0 | H18: アポ件数 | I18: =IFERROR(F18/C20*C18,0) -> 0
B19: 残り営業日数 | C19: =設定!$B$10 -> 21 | E19: 決済者アポ件数 | F19: =(COUNTIF('全体集計(入力)触るな(大阪)'!$L$2:$L$501,"決済")+COUNTIF('全体集計(入力)触るな(大阪)'!$L$2:$L$501,"外人(決済)")) -> 0 | H19: 決済者アポ件数 | I19: =IFERROR(F19/C20*C18,0) -> 0
B20: 稼働日数 | C20: =設定!$B$9 -> 0 | E20: 決済詰めOK | F20: =(COUNTIFS('全体集計(入力)触るな(大阪)'!$L$2:$L$501,"決済",'全体集計(入力)触るな(大阪)'!$Q$2:$Q$501,"OK")+COUNTIFS('全体集計(入力)触るな(大阪)'!$L$2:$L$501,"外人(決済)",'全体集計(入力)触るな(大阪)'!$Q$2:$Q$501,"OK")) -> 0 | H20: アポ件数進捗 | I20: =IFERROR(I18/C21,0) -> 0
B21: 目標アポ数 | C21: =設定!$B$13 -> 100 | E21: 詰め直し通過率 | F21: =IFERROR(F20/F19,0) -> 0 | H21: 決済者アポ件数進捗 | I21: =IFERROR(I19/C22,0) -> 0
B22: 目標決済アポ数 | C22: =設定!$B$14 -> 90 | E22: 決済者商談実施数 | F22: =COUNTIF('全体集計(入力)触るな(大阪)'!$Z$2:$Z$501,"決済者") -> 0 | H22: 決済詰めOK | I22: =I19*F21 -> 0
B23: 詰めOK数（目標） | C23: =C22*設定!$B$18 -> 63 | E23: 実施待ち件数（自動） | F23: =(COUNTIFS('全体集計(入力)触るな(大阪)'!$L$2:$L$501,"決済",'全体集計(入力)触るな(大阪)'!$Q$2:$Q$501,"OK",'全体集計(入力)触るな(大阪)'!$V$2:$V$501,"")+COUNTIFS('全体集計(入力)触るな(大阪)'!$L$2:$L$501,"外人(決済)",'全体集計(入力)触るな(大阪)'!$Q$2:$Q$501,"OK",'全体集計(入力)触るな(大阪)'!$V$2:$V$501,"")) -> 0 | H23: 決済者商談実施数 | I23: =I22*F25 -> 0
B24: 実施数（目標） | C24: =C23*設定!$B$19 -> 37.8 | E24: 受注数 | F24: =COUNTIF('全体集計(入力)触るな(大阪)'!$AF$2:$AF$501,"受注") -> 0 | H24: 受注数 | I24: =I23*F26 -> 0
B25: 受注数（目標） | C25: =C24*設定!$B$20 -> 18.9 | E25: 決済者商談実施率 | F25: =IFERROR(F22/(F20-F23),0) -> 0 | H25: 売上 | I25: =I24*設定!$B$22 -> 0
B26: 売上（目標） | C26: =C25*設定!$B$22 -> 472500 | E26: 決済者受注率 | F26: =IFERROR(F24/F22,0) -> 0
B28: 稼働時間・目標 | E28: 稼働時間・現状 | H28: 稼働時間・予想
B29: 予定稼働時間（シフト提出） | C29: =SUMIFS(シフト入力!$M$2:$M$1501,シフト入力!$C$2:$C$1501,"大阪") -> 0 | E29: 稼働時間（実際・今日まで） | F29: =SUMIFS(シフト入力!$N$2:$N$1501,シフト入力!$C$2:$C$1501,"大阪",シフト入力!$A$2:$A$1501,"<="&TODAY()) -> 0 | H29: アポ基準件数（目標SPH×稼働） | I29: =C30*F29 -> 0
B30: 目標SPH | C30: =設定!$B$15 -> 0.13 | E30: SPH（アポ÷稼働時間） | F30: =IFERROR(F18/F29,0) -> 0 | H30: アポ件数ショート数 | I30: =F18-I29 -> 0
B31: SPH×予定稼働時間 | C31: =C29*C30 -> 0 | E31: 予定稼働時間（今日まで） | F31: =SUMIFS(シフト入力!$M$2:$M$1501,シフト入力!$C$2:$C$1501,"大阪",シフト入力!$A$2:$A$1501,"<="&TODAY()) -> 0
E32: 稼働時間割合（実際÷予定） | F32: =IFERROR(F29/F31,0) -> 0
B42: ■ 京都
B43: 営業日数値・目標 | E43: IS現状数値 | H43: 予想数値（このペースの着地）
B44: 営業日数 | C44: =設定!$B$6 -> 21 | E44: アポ件数 | F44: =COUNTA('全体集計(入力)触るな(京都)'!$L$2:$L$501) -> 0 | H44: アポ件数 | I44: =IFERROR(F44/C46*C44,0) -> 0
B45: 残り営業日数 | C45: =設定!$B$10 -> 21 | E45: 決済者アポ件数 | F45: =(COUNTIF('全体集計(入力)触るな(京都)'!$L$2:$L$501,"決済")+COUNTIF('全体集計(入力)触るな(京都)'!$L$2:$L$501,"外人(決済)")) -> 0 | H45: 決済者アポ件数 | I45: =IFERROR(F45/C46*C44,0) -> 0
B46: 稼働日数 | C46: =設定!$B$9 -> 0 | E46: 決済詰めOK | F46: =(COUNTIFS('全体集計(入力)触るな(京都)'!$L$2:$L$501,"決済",'全体集計(入力)触るな(京都)'!$Q$2:$Q$501,"OK")+COUNTIFS('全体集計(入力)触るな(京都)'!$L$2:$L$501,"外人(決済)",'全体集計(入力)触るな(京都)'!$Q$2:$Q$501,"OK")) -> 0 | H46: アポ件数進捗 | I46: =IFERROR(I44/C47,0) -> 0
B47: 目標アポ数 | C47: =設定!$C$13 -> 40 | E47: 詰め直し通過率 | F47: =IFERROR(F46/F45,0) -> 0 | H47: 決済者アポ件数進捗 | I47: =IFERROR(I45/C48,0) -> 0
B48: 目標決済アポ数 | C48: =設定!$C$14 -> 35 | E48: 決済者商談実施数 | F48: =COUNTIF('全体集計(入力)触るな(京都)'!$Z$2:$Z$501,"決済者") -> 0 | H48: 決済詰めOK | I48: =I45*F47 -> 0
B49: 詰めOK数（目標） | C49: =C48*設定!$B$18 -> 24.5 | E49: 実施待ち件数（自動） | F49: =(COUNTIFS('全体集計(入力)触るな(京都)'!$L$2:$L$501,"決済",'全体集計(入力)触るな(京都)'!$Q$2:$Q$501,"OK",'全体集計(入力)触るな(京都)'!$V$2:$V$501,"")+COUNTIFS('全体集計(入力)触るな(京都)'!$L$2:$L$501,"外人(決済)",'全体集計(入力)触るな(京都)'!$Q$2:$Q$501,"OK",'全体集計(入力)触るな(京都)'!$V$2:$V$501,"")) -> 0 | H49: 決済者商談実施数 | I49: =I48*F51 -> 0
B50: 実施数（目標） | C50: =C49*設定!$B$19 -> 14.7 | E50: 受注数 | F50: =COUNTIF('全体集計(入力)触るな(京都)'!$AF$2:$AF$501,"受注") -> 0 | H50: 受注数 | I50: =I49*F52 -> 0
B51: 受注数（目標） | C51: =C50*設定!$B$20 -> 7.35 | E51: 決済者商談実施率 | F51: =IFERROR(F48/(F46-F49),0) -> 0 | H51: 売上 | I51: =I50*設定!$B$22 -> 0
B52: 売上（目標） | C52: =C51*設定!$B$22 -> 183750 | E52: 決済者受注率 | F52: =IFERROR(F50/F48,0) -> 0
B54: 稼働時間・目標 | E54: 稼働時間・現状 | H54: 稼働時間・予想
B55: 予定稼働時間（シフト提出） | C55: =SUMIFS(シフト入力!$M$2:$M$1501,シフト入力!$C$2:$C$1501,"京都") -> 0 | E55: 稼働時間（実際・今日まで） | F55: =SUMIFS(シフト入力!$N$2:$N$1501,シフト入力!$C$2:$C$1501,"京都",シフト入力!$A$2:$A$1501,"<="&TODAY()) -> 0 | H55: アポ基準件数（目標SPH×稼働） | I55: =C56*F55 -> 0
B56: 目標SPH | C56: =設定!$C$15 -> 0.1 | E56: SPH（アポ÷稼働時間） | F56: =IFERROR(F44/F55,0) -> 0 | H56: アポ件数ショート数 | I56: =F44-I55 -> 0
B57: SPH×予定稼働時間 | C57: =C55*C56 -> 0 | E57: 予定稼働時間（今日まで） | F57: =SUMIFS(シフト入力!$M$2:$M$1501,シフト入力!$C$2:$C$1501,"京都",シフト入力!$A$2:$A$1501,"<="&TODAY()) -> 0
E58: 稼働時間割合（実際÷予定） | F58: =IFERROR(F55/F57,0) -> 0

Sheet FS進捗
A1: FS進捗（商談・受注／大阪＋京都）
A2: =IS進捗!A2 -> 2026年11月 営業日 0 / 21 日目（残り 21 日）
B4: 営業日数値・目標 | E4: FS現状数値 | H4: 想定数値（想定受注率で） | K4: 着地予想（実施待ちを含む）
B5: 営業日数 | C5: =設定!$B$6 -> 21 | E5: 商談割り当て数 | F5: =クローザーサマリー!$C$13 -> 0 | H5: 決済者商談実施数 | I5: =F6 -> 0 | K5: 決済者商談実施数 | L5: =F6+F8 -> 0
B6: 残り営業日数 | C6: =設定!$B$10 -> 21 | E6: 決済者商談実施数 | F6: =クローザーサマリー!$E$13 -> 0 | H6: 受注数 | I6: =I5*設定!$B$21 -> 0 | K6: 受注数 | L6: =L5*F10 -> 0
B7: 稼働日数 | C7: =設定!$B$9 -> 0 | E7: 実施待ち件数 | F7: =IS進捗!F23+IS進捗!F49 -> 0 | H7: 決済者受注率 | I7: =設定!$B$21 -> 0.35 | K7: 獲得平均単価 | L7: =F11 -> 0
B8: 目標実施数（大阪＋京都） | C8: =IS進捗!C24+IS進捗!C50 -> 52.5 | E8: 実施待ち×実施率 | F8: =F7*設定!$B$19 -> 0 | H8: 売上 | I8: =I6*設定!$B$22 -> 0 | K8: 売上 | L8: =L6*L7 -> 0
B9: 目標受注数 | C9: =C8*設定!$B$21 -> 18.375 | E9: 受注数 | F9: =クローザーサマリー!$F$13 -> 0 | H9: 売上進捗率 | I9: =IFERROR(I8/C10,0) -> 0 | K9: 売上進捗率 | L9: =IFERROR(L8/C10,0) -> 0
B10: 目標売上 | C10: =C9*設定!$B$22 -> 459375 | E10: 決済者受注率 | F10: =IFERROR(F9/F6,0) -> 0
B11: 目標実施の今日時点ペース | C11: =IFERROR(C8*C7/C5,0) -> 0 | E11: 獲得平均単価 | F11: =クローザーサマリー!$I$13 -> 0
B12: 営業日進捗率 | C12: =IFERROR(F6/C11,0) -> 0 | E12: 売上（クローザー合計） | F12: =クローザーサマリー!$R$13 -> 0
B13: ペース差分 | C13: =F6-C11 -> 0 | E13: 売上進捗率 | F13: =IFERROR(F12/C10,0) -> 0
B14: 売上ショート | C14: =F12-C10 -> -459375 | E14: 初期費用合計 | F14: =クローザーサマリー!$L$13 -> 0
E17: 初回結果（大阪＋京都）
E18: リスケ数 | F18: =(COUNTIF('全体集計(入力)触るな(大阪)'!$V$2:$V$501,"リスケ"))+(COUNTIF('全体集計(入力)触るな(京都)'!$V$2:$V$501,"リスケ")) -> 0
E19: 商談前キャンセル | F19: =(COUNTIF('全体集計(入力)触るな(大阪)'!$V$2:$V$501,"商談前キャンセル"))+(COUNTIF('全体集計(入力)触るな(京都)'!$V$2:$V$501,"商談前キャンセル")) -> 0
E20: リスケから実施 | F20: =((COUNTIFS('全体集計(入力)触るな(大阪)'!$V$2:$V$501,"リスケ",'全体集計(入力)触るな(大阪)'!$Z$2:$Z$501,"決済者")+COUNTIFS('全体集計(入力)触るな(大阪)'!$V$2:$V$501,"リスケ",'全体集計(入力)触るな(大阪)'!$Z$2:$Z$501,"非決済")))+((COUNTIFS('全体集計(入力)触るな(京都)'!$V$2:$V$501,"リスケ",'全体集計(入力)触るな(京都)'!$Z$2:$Z$501,"決済者")+COUNTIFS('全体集計(入力)触るな(京都)'!$V$2:$V$501,"リスケ",'全体集計(入力)触るな(京都)'!$Z$2:$Z$501,"非決済"))) -> 0
E21: リスケから調整率 | F21: =IFERROR(F20/F18,0) -> 0
E22: リスケからキャンセル数 | F22: =(COUNTIFS('全体集計(入力)触るな(大阪)'!$V$2:$V$501,"リスケ",'全体集計(入力)触るな(大阪)'!$AF$2:$AF$501,"商談キャンセル"))+(COUNTIFS('全体集計(入力)触るな(京都)'!$V$2:$V$501,"リスケ",'全体集計(入力)触るな(京都)'!$AF$2:$AF$501,"商談キャンセル")) -> 0
E23: リスケからキャンセル率 | F23: =IFERROR(F22/F18,0) -> 0
E25: ※ リスケからの実施は翌月末締めまで追う

Sheet 合計サマリー(大阪)
A1: 合計サマリー（大阪）
B3: 全体アポ数値
B4: アポ数 | C4: 詰め直しOK数 | D4: 決済詰めOK数 | E4: 詰め直しNG数 | F4: 決済者アポ | G4: 商談キャンセル | H4: リスケ数 | I4: 失注 | J4: 受注 | K4: アポ課金 | L4: 目標件数 | M4: 営業日数 | N4: 日割り目標 | O4: 残り日割り
B5: =COUNTA('全体集計(入力)触るな(大阪)'!$L$2:$L$501) -> 0 | C5: =COUNTIF('全体集計(入力)触るな(大阪)'!$Q$2:$Q$501,"OK") -> 0 | D5: =(COUNTIFS('全体集計(入力)触るな(大阪)'!$L$2:$L$501,"決済",'全体集計(入力)触るな(大阪)'!$Q$2:$Q$501,"OK")+COUNTIFS('全体集計(入力)触るな(大阪)'!$L$2:$L$501,"外人(決済)",'全体集計(入力)触るな(大阪)'!$Q$2:$Q$501,"OK")) -> 0 | E5: =COUNTIF('全体集計(入力)触るな(大阪)'!$Q$2:$Q$501,"NG") -> 0 | F5: =(COUNTIF('全体集計(入力)触るな(大阪)'!$L$2:$L$501,"決済")+COUNTIF('全体集計(入力)触るな(大阪)'!$L$2:$L$501,"外人(決済)")) -> 0 | G5: =COUNTIF('全体集計(入力)触るな(大阪)'!$AF$2:$AF$501,"商談キャンセル") -> 0 | H5: =COUNTIF('全体集計(入力)触るな(大阪)'!$V$2:$V$501,"リスケ") -> 0 | I5: =COUNTIF('全体集計(入力)触るな(大阪)'!$AF$2:$AF$501,"失注") -> 0 | J5: =COUNTIF('全体集計(入力)触るな(大阪)'!$AF$2:$AF$501,"受注") -> 0 | K5: =COUNTIF('全体集計(入力)触るな(大阪)'!$AC$2:$AC$501,"⚪︎") -> 0 | L5: =設定!$B$13 -> 100 | M5: =設定!$B$6 -> 21 | N5: =IFERROR(設定!$B$13/設定!$B$6,0) -> 4.7619048 | O5: =IFERROR((設定!$B$13-B5)/設定!$B$10,0) -> 4.7619048
B7: 全体商談数値
B8: 商談割り当て数 | C8: 商談実行数 | D8: リスケ数 | E8: 無効商談 | F8: 有効商談 | G8: 決済者 | H8: 非決済 | I8: 失注 | J8: 検討 | K8: 受注 | L8: 外人アポ | M8: 平均獲得プラン
B9: =(COUNTA('全体集計(入力)触るな(大阪)'!$U$2:$U$501)-COUNTIF('全体集計(入力)触るな(大阪)'!$U$2:$U$501,"事前リスケ")) -> 0 | C9: =(COUNTIF('全体集計(入力)触るな(大阪)'!$W$2:$W$501,"有効商談")+COUNTIF('全体集計(入力)触るな(大阪)'!$W$2:$W$501,"無効商談")) -> 0 | D9: =COUNTIF('全体集計(入力)触るな(大阪)'!$V$2:$V$501,"リスケ") -> 0 | E9: =COUNTIF('全体集計(入力)触るな(大阪)'!$W$2:$W$501,"無効商談") -> 0 | F9: =COUNTIF('全体集計(入力)触るな(大阪)'!$W$2:$W$501,"有効商談") -> 0 | G9: =COUNTIF('全体集計(入力)触るな(大阪)'!$Z$2:$Z$501,"決済者") -> 0 | H9: =COUNTIF('全体集計(入力)触るな(大阪)'!$Z$2:$Z$501,"非決済") -> 0 | I9: =COUNTIF('全体集計(入力)触るな(大阪)'!$AF$2:$AF$501,"失注") -> 0 | J9: =COUNTIF('全体集計(入力)触るな(大阪)'!$X$2:$X$501,"検討") -> 0 | K9: =COUNTIF('全体集計(入力)触るな(大阪)'!$AF$2:$AF$501,"受注") -> 0 | L9: =COUNTIF('全体集計(入力)触るな(大阪)'!$AG$2:$AG$501,"外人") -> 0 | M9: =IFERROR(AVERAGEIFS('全体集計(入力)触るな(大阪)'!$AD$2:$AD$501,'全体集計(入力)触るな(大阪)'!$AF$2:$AF$501,"受注"),0) -> 0
B11: 全体の率
B12: 詰め直しOK率 | C12: 決済詰めOK率 | D12: 詰め直しNG率 | E12: 商談実行率 | F12: 無効商談率 | G12: 有効商談率 | H12: リスケ率 | I12: 決済率 | J12: 非決済率 | K12: 失注率 | L12: 受注率 | M12: アポ課金率 | N12: 検討率
B13: =IFERROR(C5/B5,0) -> 0 | C13: =IFERROR(D5/F5,0) -> 0 | D13: =IFERROR(E5/B5,0) -> 0 | E13: =IFERROR(C9/B5,0) -> 0 | F13: =IFERROR(E9/C9,0) -> 0 | G13: =IFERROR(F9/C9,0) -> 0 | H13: =IFERROR(H5/B5,0) -> 0 | I13: =IFERROR(G9/C9,0) -> 0 | J13: =IFERROR(H9/C9,0) -> 0 | K13: =IFERROR(I9/C9,0) -> 0 | L13: =IFERROR(K9/C9,0) -> 0 | M13: =IFERROR(K5/C9,0) -> 0 | N13: =IFERROR(J9/C9,0) -> 0
B15: アポインター担当別数値（インセンティブ：受注した月額1万円につき1P／稼働時間はシフト入力の実際の時間）
B16: 担当者 | C16: アポ数 | D16: 決済アポ | E16: 非決済アポ | F16: うち外人 | G16: 詰め直しOK | H16: 決済詰めOK | I16: 詰め直しNG | J16: リスケ | K16: 商談実行 | L16: 有効商談 | M16: 無効商談 | N16: 商談キャンセル | O16: 決済者商談 | P16: 失注 | Q16: 有効商談＋失注 | R16: 有効商談＋検討 | S16: 受注 | T16: アポ課金 | U16: 合計獲得プラン | V16: インセンティブP | W16: 稼働時間 | X16: SPH | Y16: 詰めOK率 | Z16: アポ→受注率
B17: =IF(INDEX(マスタ!$A$2:$A$60,1)="","",INDEX(マスタ!$A$2:$A$60,1)) -> 宮田 | C17: =IF($B17="","",COUNTIFS('全体集計(入力)触るな(大阪)'!$M$2:$M$501,$B17,'全体集計(入力)触るな(大阪)'!$L$2:$L$501,"<>")) -> 0 | D17: =IF($B17="","",COUNTIFS('全体集計(入力)触るな(大阪)'!$M$2:$M$501,$B17,'全体集計(入力)触るな(大阪)'!$L$2:$L$501,"決済")+COUNTIFS('全体集計(入力)触るな(大阪)'!$M$2:$M$501,$B17,'全体集計(入力)触るな(大阪)'!$L$2:$L$501,"外人(決済)")) -> 0 | E17: =IF($B17="","",COUNTIFS('全体集計(入力)触るな(大阪)'!$M$2:$M$501,$B17,'全体集計(入力)触るな(大阪)'!$L$2:$L$501,"非決済")+COUNTIFS('全体集計(入力)触るな(大阪)'!$M$2:$M$501,$B17,'全体集計(入力)触るな(大阪)'!$L$2:$L$501,"外人(非決済)")) -> 0 | F17: =IF($B17="","",COUNTIFS('全体集計(入力)触るな(大阪)'!$M$2:$M$501,$B17,'全体集計(入力)触るな(大阪)'!$L$2:$L$501,"外人(決済)")+COUNTIFS('全体集計(入力)触るな(大阪)'!$M$2:$M$501,$B17,'全体集計(入力)触るな(大阪)'!$L$2:$L$501,"外人(非決済)")) -> 0 | G17: =IF($B17="","",COUNTIFS('全体集計(入力)触るな(大阪)'!$M$2:$M$501,$B17,'全体集計(入力)触るな(大阪)'!$Q$2:$Q$501,"OK")) -> 0 | H17: =IF($B17="","",COUNTIFS('全体集計(入力)触るな(大阪)'!$M$2:$M$501,$B17,'全体集計(入力)触るな(大阪)'!$L$2:$L$501,"決済",'全体集計(入力)触るな(大阪)'!$Q$2:$Q$501,"OK")+COUNTIFS('全体集計(入力)触るな(大阪)'!$M$2:$M$501,$B17,'全体集計(入力)触るな(大阪)'!$L$2:$L$501,"外人(決済)",'全体集計(入力)触るな(大阪)'!$Q$2:$Q$501,"OK")) -> 0 | I17: =IF($B17="","",COUNTIFS('全体集計(入力)触るな(大阪)'!$M$2:$M$501,$B17,'全体集計(入力)触るな(大阪)'!$Q$2:$Q$501,"NG")) -> 0 | J17: =IF($B17="","",COUNTIFS('全体集計(入力)触るな(大阪)'!$M$2:$M$501,$B17,'全体集計(入力)触るな(大阪)'!$V$2:$V$501,"リスケ")) -> 0 | K17: =IF($B17="","",COUNTIFS('全体集計(入力)触るな(大阪)'!$M$2:$M$501,$B17,'全体集計(入力)触るな(大阪)'!$W$2:$W$501,"有効商談")+COUNTIFS('全体集計(入力)触るな(大阪)'!$M$2:$M$501,$B17,'全体集計(入力)触るな(大阪)'!$W$2:$W$501,"無効商談")) -> 0 | L17: =IF($B17="","",COUNTIFS('全体集計(入力)触るな(大阪)'!$M$2:$M$501,$B17,'全体集計(入力)触るな(大阪)'!$W$2:$W$501,"有効商談")) -> 0 | M17: =IF($B17="","",COUNTIFS('全体集計(入力)触るな(大阪)'!$M$2:$M$501,$B17,'全体集計(入力)触るな(大阪)'!$W$2:$W$501,"無効商談")) -> 0 | N17: =IF($B17="","",COUNTIFS('全体集計(入力)触るな(大阪)'!$M$2:$M$501,$B17,'全体集計(入力)触るな(大阪)'!$AF$2:$AF$501,"商談キャンセル")) -> 0 | O17: =IF($B17="","",COUNTIFS('全体集計(入力)触るな(大阪)'!$M$2:$M$501,$B17,'全体集計(入力)触るな(大阪)'!$Z$2:$Z$501,"決済者")) -> 0 | P17: =IF($B17="","",COUNTIFS('全体集計(入力)触るな(大阪)'!$M$2:$M$501,$B17,'全体集計(入力)触るな(大阪)'!$AF$2:$AF$501,"失注")) -> 0 | Q17: =IF($B17="","",COUNTIFS('全体集計(入力)触るな(大阪)'!$M$2:$M$501,$B17,'全体集計(入力)触るな(大阪)'!$W$2:$W$501,"有効商談",'全体集計(入力)触るな(大阪)'!$AF$2:$AF$501,"失注")) -> 0 | R17: =IF($B17="","",COUNTIFS('全体集計(入力)触るな(大阪)'!$M$2:$M$501,$B17,'全体集計(入力)触るな(大阪)'!$W$2:$W$501,"有効商談",'全体集計(入力)触るな(大阪)'!$X$2:$X$501,"検討")) -> 0 | S17: =IF($B17="","",COUNTIFS('全体集計(入力)触るな(大阪)'!$M$2:$M$501,$B17,'全体集計(入力)触るな(大阪)'!$AF$2:$AF$501,"受注")) -> 0 | T17: =IF($B17="","",COUNTIFS('全体集計(入力)触るな(大阪)'!$M$2:$M$501,$B17,'全体集計(入力)触るな(大阪)'!$AC$2:$AC$501,"⚪︎")) -> 0 | U17: =IF($B17="","",SUMIFS('全体集計(入力)触るな(大阪)'!$AD$2:$AD$501,'全体集計(入力)触るな(大阪)'!$M$2:$M$501,$B17,'全体集計(入力)触るな(大阪)'!$AF$2:$AF$501,"受注")) -> 0 | V17: =IF($B17="","",INT(U17/10000)) -> 0 | W17: =IF($B17="","",SUMIFS(シフト入力!$N$2:$N$1501,シフト入力!$B$2:$B$1501,$B17,シフト入力!$A$2:$A$1501,"<="&TODAY())) -> 0 | X17: =IF($B17="","",IFERROR(C17/W17,0)) -> 0 | Y17: =IF($B17="","",IFERROR(G17/C17,0)) -> 0 | Z17: =IF($B17="","",IFERROR(S17/C17,0)) -> 0
B18: =IF(INDEX(マスタ!$A$2:$A$60,2)="","",INDEX(マスタ!$A$2:$A$60,2)) -> 石山 | C18: =IF($B18="","",COUNTIFS('全体集計(入力)触るな(大阪)'!$M$2:$M$501,$B18,'全体集計(入力)触るな(大阪)'!$L$2:$L$501,"<>")) -> 0 | D18: =IF($B18="","",COUNTIFS('全体集計(入力)触るな(大阪)'!$M$2:$M$501,$B18,'全体集計(入力)触るな(大阪)'!$L$2:$L$501,"決済")+COUNTIFS('全体集計(入力)触るな(大阪)'!$M$2:$M$501,$B18,'全体集計(入力)触るな(大阪)'!$L$2:$L$501,"外人(決済)")) -> 0 | E18: =IF($B18="","",COUNTIFS('全体集計(入力)触るな(大阪)'!$M$2:$M$501,$B18,'全体集計(入力)触るな(大阪)'!$L$2:$L$501,"非決済")+COUNTIFS('全体集計(入力)触るな(大阪)'!$M$2:$M$501,$B18,'全体集計(入力)触るな(大阪)'!$L$2:$L$501,"外人(非決済)")) -> 0 | F18: =IF($B18="","",COUNTIFS('全体集計(入力)触るな(大阪)'!$M$2:$M$501,$B18,'全体集計(入力)触るな(大阪)'!$L$2:$L$501,"外人(決済)")+COUNTIFS('全体集計(入力)触るな(大阪)'!$M$2:$M$501,$B18,'全体集計(入力)触るな(大阪)'!$L$2:$L$501,"外人(非決済)")) -> 0 | G18: =IF($B18="","",COUNTIFS('全体集計(入力)触るな(大阪)'!$M$2:$M$501,$B18,'全体集計(入力)触るな(大阪)'!$Q$2:$Q$501,"OK")) -> 0 | H18: =IF($B18="","",COUNTIFS('全体集計(入力)触るな(大阪)'!$M$2:$M$501,$B18,'全体集計(入力)触るな(大阪)'!$L$2:$L$501,"決済",'全体集計(入力)触るな(大阪)'!$Q$2:$Q$501,"OK")+COUNTIFS('全体集計(入力)触るな(大阪)'!$M$2:$M$501,$B18,'全体集計(入力)触るな(大阪)'!$L$2:$L$501,"外人(決済)",'全体集計(入力)触るな(大阪)'!$Q$2:$Q$501,"OK")) -> 0 | I18: =IF($B18="","",COUNTIFS('全体集計(入力)触るな(大阪)'!$M$2:$M$501,$B18,'全体集計(入力)触るな(大阪)'!$Q$2:$Q$501,"NG")) -> 0 | J18: =IF($B18="","",COUNTIFS('全体集計(入力)触るな(大阪)'!$M$2:$M$501,$B18,'全体集計(入力)触るな(大阪)'!$V$2:$V$501,"リスケ")) -> 0 | K18: =IF($B18="","",COUNTIFS('全体集計(入力)触るな(大阪)'!$M$2:$M$501,$B18,'全体集計(入力)触るな(大阪)'!$W$2:$W$501,"有効商談")+COUNTIFS('全体集計(入力)触るな(大阪)'!$M$2:$M$501,$B18,'全体集計(入力)触るな(大阪)'!$W$2:$W$501,"無効商談")) -> 0 | L18: =IF($B18="","",COUNTIFS('全体集計(入力)触るな(大阪)'!$M$2:$M$501,$B18,'全体集計(入力)触るな(大阪)'!$W$2:$W$501,"有効商談")) -> 0 | M18: =IF($B18="","",COUNTIFS('全体集計(入力)触るな(大阪)'!$M$2:$M$501,$B18,'全体集計(入力)触るな(大阪)'!$W$2:$W$501,"無効商談")) -> 0 | N18: =IF($B18="","",COUNTIFS('全体集計(入力)触るな(大阪)'!$M$2:$M$501,$B18,'全体集計(入力)触るな(大阪)'!$AF$2:$AF$501,"商談キャンセル")) -> 0 | O18: =IF($B18="","",COUNTIFS('全体集計(入力)触るな(大阪)'!$M$2:$M$501,$B18,'全体集計(入力)触るな(大阪)'!$Z$2:$Z$501,"決済者")) -> 0 | P18: =IF($B18="","",COUNTIFS('全体集計(入力)触るな(大阪)'!$M$2:$M$501,$B18,'全体集計(入力)触るな(大阪)'!$AF$2:$AF$501,"失注")) -> 0 | Q18: =IF($B18="","",COUNTIFS('全体集計(入力)触るな(大阪)'!$M$2:$M$501,$B18,'全体集計(入力)触るな(大阪)'!$W$2:$W$501,"有効商談",'全体集計(入力)触るな(大阪)'!$AF$2:$AF$501,"失注")) -> 0 | R18: =IF($B18="","",COUNTIFS('全体集計(入力)触るな(大阪)'!$M$2:$M$501,$B18,'全体集計(入力)触るな(大阪)'!$W$2:$W$501,"有効商談",'全体集計(入力)触るな(大阪)'!$X$2:$X$501,"検討")) -> 0 | S18: =IF($B18="","",COUNTIFS('全体集計(入力)触るな(大阪)'!$M$2:$M$501,$B18,'全体集計(入力)触るな(大阪)'!$AF$2:$AF$501,"受注")) -> 0 | T18: =IF($B18="","",COUNTIFS('全体集計(入力)触るな(大阪)'!$M$2:$M$501,$B18,'全体集計(入力)触るな(大阪)'!$AC$2:$AC$501,"⚪︎")) -> 0 | U18: =IF($B18="","",SUMIFS('全体集計(入力)触るな(大阪)'!$AD$2:$AD$501,'全体集計(入力)触るな(大阪)'!$M$2:$M$501,$B18,'全体集計(入力)触るな(大阪)'!$AF$2:$AF$501,"受注")) -> 0 | V18: =IF($B18="","",INT(U18/10000)) -> 0 | W18: =IF($B18="","",SUMIFS(シフト入力!$N$2:$N$1501,シフト入力!$B$2:$B$1501,$B18,シフト入力!$A$2:$A$1501,"<="&TODAY())) -> 0 | X18: =IF($B18="","",IFERROR(C18/W18,0)) -> 0 | Y18: =IF($B18="","",IFERROR(G18/C18,0)) -> 0 | Z18: =IF($B18="","",IFERROR(S18/C18,0)) -> 0
B19: =IF(INDEX(マスタ!$A$2:$A$60,3)="","",INDEX(マスタ!$A$2:$A$60,3)) -> 向井 | C19: =IF($B19="","",COUNTIFS('全体集計(入力)触るな(大阪)'!$M$2:$M$501,$B19,'全体集計(入力)触るな(大阪)'!$L$2:$L$501,"<>")) -> 0 | D19: =IF($B19="","",COUNTIFS('全体集計(入力)触るな(大阪)'!$M$2:$M$501,$B19,'全体集計(入力)触るな(大阪)'!$L$2:$L$501,"決済")+COUNTIFS('全体集計(入力)触るな(大阪)'!$M$2:$M$501,$B19,'全体集計(入力)触るな(大阪)'!$L$2:$L$501,"外人(決済)")) -> 0 | E19: =IF($B19="","",COUNTIFS('全体集計(入力)触るな(大阪)'!$M$2:$M$501,$B19,'全体集計(入力)触るな(大阪)'!$L$2:$L$501,"非決済")+COUNTIFS('全体集計(入力)触るな(大阪)'!$M$2:$M$501,$B19,'全体集計(入力)触るな(大阪)'!$L$2:$L$501,"外人(非決済)")) -> 0 | F19: =IF($B19="","",COUNTIFS('全体集計(入力)触るな(大阪)'!$M$2:$M$501,$B19,'全体集計(入力)触るな(大阪)'!$L$2:$L$501,"外人(決済)")+COUNTIFS('全体集計(入力)触るな(大阪)'!$M$2:$M$501,$B19,'全体集計(入力)触るな(大阪)'!$L$2:$L$501,"外人(非決済)")) -> 0 | G19: =IF($B19="","",COUNTIFS('全体集計(入力)触るな(大阪)'!$M$2:$M$501,$B19,'全体集計(入力)触るな(大阪)'!$Q$2:$Q$501,"OK")) -> 0 | H19: =IF($B19="","",COUNTIFS('全体集計(入力)触るな(大阪)'!$M$2:$M$501,$B19,'全体集計(入力)触るな(大阪)'!$L$2:$L$501,"決済",'全体集計(入力)触るな(大阪)'!$Q$2:$Q$501,"OK")+COUNTIFS('全体集計(入力)触るな(大阪)'!$M$2:$M$501,$B19,'全体集計(入力)触るな(大阪)'!$L$2:$L$501,"外人(決済)",'全体集計(入力)触るな(大阪)'!$Q$2:$Q$501,"OK")) -> 0 | I19: =IF($B19="","",COUNTIFS('全体集計(入力)触るな(大阪)'!$M$2:$M$501,$B19,'全体集計(入力)触るな(大阪)'!$Q$2:$Q$501,"NG")) -> 0 | J19: =IF($B19="","",COUNTIFS('全体集計(入力)触るな(大阪)'!$M$2:$M$501,$B19,'全体集計(入力)触るな(大阪)'!$V$2:$V$501,"リスケ")) -> 0 | K19: =IF($B19="","",COUNTIFS('全体集計(入力)触るな(大阪)'!$M$2:$M$501,$B19,'全体集計(入力)触るな(大阪)'!$W$2:$W$501,"有効商談")+COUNTIFS('全体集計(入力)触るな(大阪)'!$M$2:$M$501,$B19,'全体集計(入力)触るな(大阪)'!$W$2:$W$501,"無効商談")) -> 0 | L19: =IF($B19="","",COUNTIFS('全体集計(入力)触るな(大阪)'!$M$2:$M$501,$B19,'全体集計(入力)触るな(大阪)'!$W$2:$W$501,"有効商談")) -> 0 | M19: =IF($B19="","",COUNTIFS('全体集計(入力)触るな(大阪)'!$M$2:$M$501,$B19,'全体集計(入力)触るな(大阪)'!$W$2:$W$501,"無効商談")) -> 0 | N19: =IF($B19="","",COUNTIFS('全体集計(入力)触るな(大阪)'!$M$2:$M$501,$B19,'全体集計(入力)触るな(大阪)'!$AF$2:$AF$501,"商談キャンセル")) -> 0 | O19: =IF($B19="","",COUNTIFS('全体集計(入力)触るな(大阪)'!$M$2:$M$501,$B19,'全体集計(入力)触るな(大阪)'!$Z$2:$Z$501,"決済者")) -> 0 | P19: =IF($B19="","",COUNTIFS('全体集計(入力)触るな(大阪)'!$M$2:$M$501,$B19,'全体集計(入力)触るな(大阪)'!$AF$2:$AF$501,"失注")) -> 0 | Q19: =IF($B19="","",COUNTIFS('全体集計(入力)触るな(大阪)'!$M$2:$M$501,$B19,'全体集計(入力)触るな(大阪)'!$W$2:$W$501,"有効商談",'全体集計(入力)触るな(大阪)'!$AF$2:$AF$501,"失注")) -> 0 | R19: =IF($B19="","",COUNTIFS('全体集計(入力)触るな(大阪)'!$M$2:$M$501,$B19,'全体集計(入力)触るな(大阪)'!$W$2:$W$501,"有効商談",'全体集計(入力)触るな(大阪)'!$X$2:$X$501,"検討")) -> 0 | S19: =IF($B19="","",COUNTIFS('全体集計(入力)触るな(大阪)'!$M$2:$M$501,$B19,'全体集計(入力)触るな(大阪)'!$AF$2:$AF$501,"受注")) -> 0 | T19: =IF($B19="","",COUNTIFS('全体集計(入力)触るな(大阪)'!$M$2:$M$501,$B19,'全体集計(入力)触るな(大阪)'!$AC$2:$AC$501,"⚪︎")) -> 0 | U19: =IF($B19="","",SUMIFS('全体集計(入力)触るな(大阪)'!$AD$2:$AD$501,'全体集計(入力)触るな(大阪)'!$M$2:$M$501,$B19,'全体集計(入力)触るな(大阪)'!$AF$2:$AF$501,"受注")) -> 0 | V19: =IF($B19="","",INT(U19/10000)) -> 0 | W19: =IF($B19="","",SUMIFS(シフト入力!$N$2:$N$1501,シフト入力!$B$2:$B$1501,$B19,シフト入力!$A$2:$A$1501,"<="&TODAY())) -> 0 | X19: =IF($B19="","",IFERROR(C19/W19,0)) -> 0 | Y19: =IF($B19="","",IFERROR(G19/C19,0)) -> 0 | Z19: =IF($B19="","",IFERROR(S19/C19,0)) -> 0
B20: =IF(INDEX(マスタ!$A$2:$A$60,4)="","",INDEX(マスタ!$A$2:$A$60,4)) -> 中牟田 | C20: =IF($B20="","",COUNTIFS('全体集計(入力)触るな(大阪)'!$M$2:$M$501,$B20,'全体集計(入力)触るな(大阪)'!$L$2:$L$501,"<>")) -> 0 | D20: =IF($B20="","",COUNTIFS('全体集計(入力)触るな(大阪)'!$M$2:$M$501,$B20,'全体集計(入力)触るな(大阪)'!$L$2:$L$501,"決済")+COUNTIFS('全体集計(入力)触るな(大阪)'!$M$2:$M$501,$B20,'全体集計(入力)触るな(大阪)'!$L$2:$L$501,"外人(決済)")) -> 0 | E20: =IF($B20="","",COUNTIFS('全体集計(入力)触るな(大阪)'!$M$2:$M$501,$B20,'全体集計(入力)触るな(大阪)'!$L$2:$L$501,"非決済")+COUNTIFS('全体集計(入力)触るな(大阪)'!$M$2:$M$501,$B20,'全体集計(入力)触るな(大阪)'!$L$2:$L$501,"外人(非決済)")) -> 0 | F20: =IF($B20="","",COUNTIFS('全体集計(入力)触るな(大阪)'!$M$2:$M$501,$B20,'全体集計(入力)触るな(大阪)'!$L$2:$L$501,"外人(決済)")+COUNTIFS('全体集計(入力)触るな(大阪)'!$M$2:$M$501,$B20,'全体集計(入力)触るな(大阪)'!$L$2:$L$501,"外人(非決済)")) -> 0 | G20: =IF($B20="","",COUNTIFS('全体集計(入力)触るな(大阪)'!$M$2:$M$501,$B20,'全体集計(入力)触るな(大阪)'!$Q$2:$Q$501,"OK")) -> 0 | H20: =IF($B20="","",COUNTIFS('全体集計(入力)触るな(大阪)'!$M$2:$M$501,$B20,'全体集計(入力)触るな(大阪)'!$L$2:$L$501,"決済",'全体集計(入力)触るな(大阪)'!$Q$2:$Q$501,"OK")+COUNTIFS('全体集計(入力)触るな(大阪)'!$M$2:$M$501,$B20,'全体集計(入力)触るな(大阪)'!$L$2:$L$501,"外人(決済)",'全体集計(入力)触るな(大阪)'!$Q$2:$Q$501,"OK")) -> 0 | I20: =IF($B20="","",COUNTIFS('全体集計(入力)触るな(大阪)'!$M$2:$M$501,$B20,'全体集計(入力)触るな(大阪)'!$Q$2:$Q$501,"NG")) -> 0 | J20: =IF($B20="","",COUNTIFS('全体集計(入力)触るな(大阪)'!$M$2:$M$501,$B20,'全体集計(入力)触るな(大阪)'!$V$2:$V$501,"リスケ")) -> 0 | K20: =IF($B20="","",COUNTIFS('全体集計(入力)触るな(大阪)'!$M$2:$M$501,$B20,'全体集計(入力)触るな(大阪)'!$W$2:$W$501,"有効商談")+COUNTIFS('全体集計(入力)触るな(大阪)'!$M$2:$M$501,$B20,'全体集計(入力)触るな(大阪)'!$W$2:$W$501,"無効商談")) -> 0 | L20: =IF($B20="","",COUNTIFS('全体集計(入力)触るな(大阪)'!$M$2:$M$501,$B20,'全体集計(入力)触るな(大阪)'!$W$2:$W$501,"有効商談")) -> 0 | M20: =IF($B20="","",COUNTIFS('全体集計(入力)触るな(大阪)'!$M$2:$M$501,$B20,'全体集計(入力)触るな(大阪)'!$W$2:$W$501,"無効商談")) -> 0 | N20: =IF($B20="","",COUNTIFS('全体集計(入力)触るな(大阪)'!$M$2:$M$501,$B20,'全体集計(入力)触るな(大阪)'!$AF$2:$AF$501,"商談キャンセル")) -> 0 | O20: =IF($B20="","",COUNTIFS('全体集計(入力)触るな(大阪)'!$M$2:$M$501,$B20,'全体集計(入力)触るな(大阪)'!$Z$2:$Z$501,"決済者")) -> 0 | P20: =IF($B20="","",COUNTIFS('全体集計(入力)触るな(大阪)'!$M$2:$M$501,$B20,'全体集計(入力)触るな(大阪)'!$AF$2:$AF$501,"失注")) -> 0 | Q20: =IF($B20="","",COUNTIFS('全体集計(入力)触るな(大阪)'!$M$2:$M$501,$B20,'全体集計(入力)触るな(大阪)'!$W$2:$W$501,"有効商談",'全体集計(入力)触るな(大阪)'!$AF$2:$AF$501,"失注")) -> 0 | R20: =IF($B20="","",COUNTIFS('全体集計(入力)触るな(大阪)'!$M$2:$M$501,$B20,'全体集計(入力)触るな(大阪)'!$W$2:$W$501,"有効商談",'全体集計(入力)触るな(大阪)'!$X$2:$X$501,"検討")) -> 0 | S20: =IF($B20="","",COUNTIFS('全体集計(入力)触るな(大阪)'!$M$2:$M$501,$B20,'全体集計(入力)触るな(大阪)'!$AF$2:$AF$501,"受注")) -> 0 | T20: =IF($B20="","",COUNTIFS('全体集計(入力)触るな(大阪)'!$M$2:$M$501,$B20,'全体集計(入力)触るな(大阪)'!$AC$2:$AC$501,"⚪︎")) -> 0 | U20: =IF($B20="","",SUMIFS('全体集計(入力)触るな(大阪)'!$AD$2:$AD$501,'全体集計(入力)触るな(大阪)'!$M$2:$M$501,$B20,'全体集計(入力)触るな(大阪)'!$AF$2:$AF$501,"受注")) -> 0 | V20: =IF($B20="","",INT(U20/10000)) -> 0 | W20: =IF($B20="","",SUMIFS(シフト入力!$N$2:$N$1501,シフト入力!$B$2:$B$1501,$B20,シフト入力!$A$2:$A$1501,"<="&TODAY())) -> 0 | X20: =IF($B20="","",IFERROR(C20/W20,0)) -> 0 | Y20: =IF($B20="","",IFERROR(G20/C20,0)) -> 0 | Z20: =IF($B20="","",IFERROR(S20/C20,0)) -> 0
B21: =IF(INDEX(マスタ!$A$2:$A$60,5)="","",INDEX(マスタ!$A$2:$A$60,5)) -> 西川 | C21: =IF($B21="","",COUNTIFS('全体集計(入力)触るな(大阪)'!$M$2:$M$501,$B21,'全体集計(入力)触るな(大阪)'!$L$2:$L$501,"<>")) -> 0 | D21: =IF($B21="","",COUNTIFS('全体集計(入力)触るな(大阪)'!$M$2:$M$501,$B21,'全体集計(入力)触るな(大阪)'!$L$2:$L$501,"決済")+COUNTIFS('全体集計(入力)触るな(大阪)'!$M$2:$M$501,$B21,'全体集計(入力)触るな(大阪)'!$L$2:$L$501,"外人(決済)")) -> 0 | E21: =IF($B21="","",COUNTIFS('全体集計(入力)触るな(大阪)'!$M$2:$M$501,$B21,'全体集計(入力)触るな(大阪)'!$L$2:$L$501,"非決済")+COUNTIFS('全体集計(入力)触るな(大阪)'!$M$2:$M$501,$B21,'全体集計(入力)触るな(大阪)'!$L$2:$L$501,"外人(非決済)")) -> 0 | F21: =IF($B21="","",COUNTIFS('全体集計(入力)触るな(大阪)'!$M$2:$M$501,$B21,'全体集計(入力)触るな(大阪)'!$L$2:$L$501,"外人(決済)")+COUNTIFS('全体集計(入力)触るな(大阪)'!$M$2:$M$501,$B21,'全体集計(入力)触るな(大阪)'!$L$2:$L$501,"外人(非決済)")) -> 0 | G21: =IF($B21="","",COUNTIFS('全体集計(入力)触るな(大阪)'!$M$2:$M$501,$B21,'全体集計(入力)触るな(大阪)'!$Q$2:$Q$501,"OK")) -> 0 | H21: =IF($B21="","",COUNTIFS('全体集計(入力)触るな(大阪)'!$M$2:$M$501,$B21,'全体集計(入力)触るな(大阪)'!$L$2:$L$501,"決済",'全体集計(入力)触るな(大阪)'!$Q$2:$Q$501,"OK")+COUNTIFS('全体集計(入力)触るな(大阪)'!$M$2:$M$501,$B21,'全体集計(入力)触るな(大阪)'!$L$2:$L$501,"外人(決済)",'全体集計(入力)触るな(大阪)'!$Q$2:$Q$501,"OK")) -> 0 | I21: =IF($B21="","",COUNTIFS('全体集計(入力)触るな(大阪)'!$M$2:$M$501,$B21,'全体集計(入力)触るな(大阪)'!$Q$2:$Q$501,"NG")) -> 0 | J21: =IF($B21="","",COUNTIFS('全体集計(入力)触るな(大阪)'!$M$2:$M$501,$B21,'全体集計(入力)触るな(大阪)'!$V$2:$V$501,"リスケ")) -> 0 | K21: =IF($B21="","",COUNTIFS('全体集計(入力)触るな(大阪)'!$M$2:$M$501,$B21,'全体集計(入力)触るな(大阪)'!$W$2:$W$501,"有効商談")+COUNTIFS('全体集計(入力)触るな(大阪)'!$M$2:$M$501,$B21,'全体集計(入力)触るな(大阪)'!$W$2:$W$501,"無効商談")) -> 0 | L21: =IF($B21="","",COUNTIFS('全体集計(入力)触るな(大阪)'!$M$2:$M$501,$B21,'全体集計(入力)触るな(大阪)'!$W$2:$W$501,"有効商談")) -> 0 | M21: =IF($B21="","",COUNTIFS('全体集計(入力)触るな(大阪)'!$M$2:$M$501,$B21,'全体集計(入力)触るな(大阪)'!$W$2:$W$501,"無効商談")) -> 0 | N21: =IF($B21="","",COUNTIFS('全体集計(入力)触るな(大阪)'!$M$2:$M$501,$B21,'全体集計(入力)触るな(大阪)'!$AF$2:$AF$501,"商談キャンセル")) -> 0 | O21: =IF($B21="","",COUNTIFS('全体集計(入力)触るな(大阪)'!$M$2:$M$501,$B21,'全体集計(入力)触るな(大阪)'!$Z$2:$Z$501,"決済者")) -> 0 | P21: =IF($B21="","",COUNTIFS('全体集計(入力)触るな(大阪)'!$M$2:$M$501,$B21,'全体集計(入力)触るな(大阪)'!$AF$2:$AF$501,"失注")) -> 0 | Q21: =IF($B21="","",COUNTIFS('全体集計(入力)触るな(大阪)'!$M$2:$M$501,$B21,'全体集計(入力)触るな(大阪)'!$W$2:$W$501,"有効商談",'全体集計(入力)触るな(大阪)'!$AF$2:$AF$501,"失注")) -> 0 | R21: =IF($B21="","",COUNTIFS('全体集計(入力)触るな(大阪)'!$M$2:$M$501,$B21,'全体集計(入力)触るな(大阪)'!$W$2:$W$501,"有効商談",'全体集計(入力)触るな(大阪)'!$X$2:$X$501,"検討")) -> 0 | S21: =IF($B21="","",COUNTIFS('全体集計(入力)触るな(大阪)'!$M$2:$M$501,$B21,'全体集計(入力)触るな(大阪)'!$AF$2:$AF$501,"受注")) -> 0 | T21: =IF($B21="","",COUNTIFS('全体集計(入力)触るな(大阪)'!$M$2:$M$501,$B21,'全体集計(入力)触るな(大阪)'!$AC$2:$AC$501,"⚪︎")) -> 0 | U21: =IF($B21="","",SUMIFS('全体集計(入力)触るな(大阪)'!$AD$2:$AD$501,'全体集計(入力)触るな(大阪)'!$M$2:$M$501,$B21,'全体集計(入力)触るな(大阪)'!$AF$2:$AF$501,"受注")) -> 0 | V21: =IF($B21="","",INT(U21/10000)) -> 0 | W21: =IF($B21="","",SUMIFS(シフト入力!$N$2:$N$1501,シフト入力!$B$2:$B$1501,$B21,シフト入力!$A$2:$A$1501,"<="&TODAY())) -> 0 | X21: =IF($B21="","",IFERROR(C21/W21,0)) -> 0 | Y21: =IF($B21="","",IFERROR(G21/C21,0)) -> 0 | Z21: =IF($B21="","",IFERROR(S21/C21,0)) -> 0
B22: =IF(INDEX(マスタ!$A$2:$A$60,6)="","",INDEX(マスタ!$A$2:$A$60,6)) -> 木下 | C22: =IF($B22="","",COUNTIFS('全体集計(入力)触るな(大阪)'!$M$2:$M$501,$B22,'全体集計(入力)触るな(大阪)'!$L$2:$L$501,"<>")) -> 0 | D22: =IF($B22="","",COUNTIFS('全体集計(入力)触るな(大阪)'!$M$2:$M$501,$B22,'全体集計(入力)触るな(大阪)'!$L$2:$L$501,"決済")+COUNTIFS('全体集計(入力)触るな(大阪)'!$M$2:$M$501,$B22,'全体集計(入力)触るな(大阪)'!$L$2:$L$501,"外人(決済)")) -> 0 | E22: =IF($B22="","",COUNTIFS('全体集計(入力)触るな(大阪)'!$M$2:$M$501,$B22,'全体集計(入力)触るな(大阪)'!$L$2:$L$501,"非決済")+COUNTIFS('全体集計(入力)触るな(大阪)'!$M$2:$M$501,$B22,'全体集計(入力)触るな(大阪)'!$L$2:$L$501,"外人(非決済)")) -> 0 | F22: =IF($B22="","",COUNTIFS('全体集計(入力)触るな(大阪)'!$M$2:$M$501,$B22,'全体集計(入力)触るな(大阪)'!$L$2:$L$501,"外人(決済)")+COUNTIFS('全体集計(入力)触るな(大阪)'!$M$2:$M$501,$B22,'全体集計(入力)触るな(大阪)'!$L$2:$L$501,"外人(非決済)")) -> 0 | G22: =IF($B22="","",COUNTIFS('全体集計(入力)触るな(大阪)'!$M$2:$M$501,$B22,'全体集計(入力)触るな(大阪)'!$Q$2:$Q$501,"OK")) -> 0 | H22: =IF($B22="","",COUNTIFS('全体集計(入力)触るな(大阪)'!$M$2:$M$501,$B22,'全体集計(入力)触るな(大阪)'!$L$2:$L$501,"決済",'全体集計(入力)触るな(大阪)'!$Q$2:$Q$501,"OK")+COUNTIFS('全体集計(入力)触るな(大阪)'!$M$2:$M$501,$B22,'全体集計(入力)触るな(大阪)'!$L$2:$L$501,"外人(決済)",'全体集計(入力)触るな(大阪)'!$Q$2:$Q$501,"OK")) -> 0 | I22: =IF($B22="","",COUNTIFS('全体集計(入力)触るな(大阪)'!$M$2:$M$501,$B22,'全体集計(入力)触るな(大阪)'!$Q$2:$Q$501,"NG")) -> 0 | J22: =IF($B22="","",COUNTIFS('全体集計(入力)触るな(大阪)'!$M$2:$M$501,$B22,'全体集計(入力)触るな(大阪)'!$V$2:$V$501,"リスケ")) -> 0 | K22: =IF($B22="","",COUNTIFS('全体集計(入力)触るな(大阪)'!$M$2:$M$501,$B22,'全体集計(入力)触るな(大阪)'!$W$2:$W$501,"有効商談")+COUNTIFS('全体集計(入力)触るな(大阪)'!$M$2:$M$501,$B22,'全体集計(入力)触るな(大阪)'!$W$2:$W$501,"無効商談")) -> 0 | L22: =IF($B22="","",COUNTIFS('全体集計(入力)触るな(大阪)'!$M$2:$M$501,$B22,'全体集計(入力)触るな(大阪)'!$W$2:$W$501,"有効商談")) -> 0 | M22: =IF($B22="","",COUNTIFS('全体集計(入力)触るな(大阪)'!$M$2:$M$501,$B22,'全体集計(入力)触るな(大阪)'!$W$2:$W$501,"無効商談")) -> 0 | N22: =IF($B22="","",COUNTIFS('全体集計(入力)触るな(大阪)'!$M$2:$M$501,$B22,'全体集計(入力)触るな(大阪)'!$AF$2:$AF$501,"商談キャンセル")) -> 0 | O22: =IF($B22="","",COUNTIFS('全体集計(入力)触るな(大阪)'!$M$2:$M$501,$B22,'全体集計(入力)触るな(大阪)'!$Z$2:$Z$501,"決済者")) -> 0 | P22: =IF($B22="","",COUNTIFS('全体集計(入力)触るな(大阪)'!$M$2:$M$501,$B22,'全体集計(入力)触るな(大阪)'!$AF$2:$AF$501,"失注")) -> 0 | Q22: =IF($B22="","",COUNTIFS('全体集計(入力)触るな(大阪)'!$M$2:$M$501,$B22,'全体集計(入力)触るな(大阪)'!$W$2:$W$501,"有効商談",'全体集計(入力)触るな(大阪)'!$AF$2:$AF$501,"失注")) -> 0 | R22: =IF($B22="","",COUNTIFS('全体集計(入力)触るな(大阪)'!$M$2:$M$501,$B22,'全体集計(入力)触るな(大阪)'!$W$2:$W$501,"有効商談",'全体集計(入力)触るな(大阪)'!$X$2:$X$501,"検討")) -> 0 | S22: =IF($B22="","",COUNTIFS('全体集計(入力)触るな(大阪)'!$M$2:$M$501,$B22,'全体集計(入力)触るな(大阪)'!$AF$2:$AF$501,"受注")) -> 0 | T22: =IF($B22="","",COUNTIFS('全体集計(入力)触るな(大阪)'!$M$2:$M$501,$B22,'全体集計(入力)触るな(大阪)'!$AC$2:$AC$501,"⚪︎")) -> 0 | U22: =IF($B22="","",SUMIFS('全体集計(入力)触るな(大阪)'!$AD$2:$AD$501,'全体集計(入力)触るな(大阪)'!$M$2:$M$501,$B22,'全体集計(入力)触るな(大阪)'!$AF$2:$AF$501,"受注")) -> 0 | V22: =IF($B22="","",INT(U22/10000)) -> 0 | W22: =IF($B22="","",SUMIFS(シフト入力!$N$2:$N$1501,シフト入力!$B$2:$B$1501,$B22,シフト入力!$A$2:$A$1501,"<="&TODAY())) -> 0 | X22: =IF($B22="","",IFERROR(C22/W22,0)) -> 0 | Y22: =IF($B22="","",IFERROR(G22/C22,0)) -> 0 | Z22: =IF($B22="","",IFERROR(S22/C22,0)) -> 0
B23: =IF(INDEX(マスタ!$A$2:$A$60,7)="","",INDEX(マスタ!$A$2:$A$60,7)) -> 篠原 | C23: =IF($B23="","",COUNTIFS('全体集計(入力)触るな(大阪)'!$M$2:$M$501,$B23,'全体集計(入力)触るな(大阪)'!$L$2:$L$501,"<>")) -> 0 | D23: =IF($B23="","",COUNTIFS('全体集計(入力)触るな(大阪)'!$M$2:$M$501,$B23,'全体集計(入力)触るな(大阪)'!$L$2:$L$501,"決済")+COUNTIFS('全体集計(入力)触るな(大阪)'!$M$2:$M$501,$B23,'全体集計(入力)触るな(大阪)'!$L$2:$L$501,"外人(決済)")) -> 0 | E23: =IF($B23="","",COUNTIFS('全体集計(入力)触るな(大阪)'!$M$2:$M$501,$B23,'全体集計(入力)触るな(大阪)'!$L$2:$L$501,"非決済")+COUNTIFS('全体集計(入力)触るな(大阪)'!$M$2:$M$501,$B23,'全体集計(入力)触るな(大阪)'!$L$2:$L$501,"外人(非決済)")) -> 0 | F23: =IF($B23="","",COUNTIFS('全体集計(入力)触るな(大阪)'!$M$2:$M$501,$B23,'全体集計(入力)触るな(大阪)'!$L$2:$L$501,"外人(決済)")+COUNTIFS('全体集計(入力)触るな(大阪)'!$M$2:$M$501,$B23,'全体集計(入力)触るな(大阪)'!$L$2:$L$501,"外人(非決済)")) -> 0 | G23: =IF($B23="","",COUNTIFS('全体集計(入力)触るな(大阪)'!$M$2:$M$501,$B23,'全体集計(入力)触るな(大阪)'!$Q$2:$Q$501,"OK")) -> 0 | H23: =IF($B23="","",COUNTIFS('全体集計(入力)触るな(大阪)'!$M$2:$M$501,$B23,'全体集計(入力)触るな(大阪)'!$L$2:$L$501,"決済",'全体集計(入力)触るな(大阪)'!$Q$2:$Q$501,"OK")+COUNTIFS('全体集計(入力)触るな(大阪)'!$M$2:$M$501,$B23,'全体集計(入力)触るな(大阪)'!$L$2:$L$501,"外人(決済)",'全体集計(入力)触るな(大阪)'!$Q$2:$Q$501,"OK")) -> 0 | I23: =IF($B23="","",COUNTIFS('全体集計(入力)触るな(大阪)'!$M$2:$M$501,$B23,'全体集計(入力)触るな(大阪)'!$Q$2:$Q$501,"NG")) -> 0 | J23: =IF($B23="","",COUNTIFS('全体集計(入力)触るな(大阪)'!$M$2:$M$501,$B23,'全体集計(入力)触るな(大阪)'!$V$2:$V$501,"リスケ")) -> 0 | K23: =IF($B23="","",COUNTIFS('全体集計(入力)触るな(大阪)'!$M$2:$M$501,$B23,'全体集計(入力)触るな(大阪)'!$W$2:$W$501,"有効商談")+COUNTIFS('全体集計(入力)触るな(大阪)'!$M$2:$M$501,$B23,'全体集計(入力)触るな(大阪)'!$W$2:$W$501,"無効商談")) -> 0 | L23: =IF($B23="","",COUNTIFS('全体集計(入力)触るな(大阪)'!$M$2:$M$501,$B23,'全体集計(入力)触るな(大阪)'!$W$2:$W$501,"有効商談")) -> 0 | M23: =IF($B23="","",COUNTIFS('全体集計(入力)触るな(大阪)'!$M$2:$M$501,$B23,'全体集計(入力)触るな(大阪)'!$W$2:$W$501,"無効商談")) -> 0 | N23: =IF($B23="","",COUNTIFS('全体集計(入力)触るな(大阪)'!$M$2:$M$501,$B23,'全体集計(入力)触るな(大阪)'!$AF$2:$AF$501,"商談キャンセル")) -> 0 | O23: =IF($B23="","",COUNTIFS('全体集計(入力)触るな(大阪)'!$M$2:$M$501,$B23,'全体集計(入力)触るな(大阪)'!$Z$2:$Z$501,"決済者")) -> 0 | P23: =IF($B23="","",COUNTIFS('全体集計(入力)触るな(大阪)'!$M$2:$M$501,$B23,'全体集計(入力)触るな(大阪)'!$AF$2:$AF$501,"失注")) -> 0 | Q23: =IF($B23="","",COUNTIFS('全体集計(入力)触るな(大阪)'!$M$2:$M$501,$B23,'全体集計(入力)触るな(大阪)'!$W$2:$W$501,"有効商談",'全体集計(入力)触るな(大阪)'!$AF$2:$AF$501,"失注")) -> 0 | R23: =IF($B23="","",COUNTIFS('全体集計(入力)触るな(大阪)'!$M$2:$M$501,$B23,'全体集計(入力)触るな(大阪)'!$W$2:$W$501,"有効商談",'全体集計(入力)触るな(大阪)'!$X$2:$X$501,"検討")) -> 0 | S23: =IF($B23="","",COUNTIFS('全体集計(入力)触るな(大阪)'!$M$2:$M$501,$B23,'全体集計(入力)触るな(大阪)'!$AF$2:$AF$501,"受注")) -> 0 | T23: =IF($B23="","",COUNTIFS('全体集計(入力)触るな(大阪)'!$M$2:$M$501,$B23,'全体集計(入力)触るな(大阪)'!$AC$2:$AC$501,"⚪︎")) -> 0 | U23: =IF($B23="","",SUMIFS('全体集計(入力)触るな(大阪)'!$AD$2:$AD$501,'全体集計(入力)触るな(大阪)'!$M$2:$M$501,$B23,'全体集計(入力)触るな(大阪)'!$AF$2:$AF$501,"受注")) -> 0 | V23: =IF($B23="","",INT(U23/10000)) -> 0 | W23: =IF($B23="","",SUMIFS(シフト入力!$N$2:$N$1501,シフト入力!$B$2:$B$1501,$B23,シフト入力!$A$2:$A$1501,"<="&TODAY())) -> 0 | X23: =IF($B23="","",IFERROR(C23/W23,0)) -> 0 | Y23: =IF($B23="","",IFERROR(G23/C23,0)) -> 0 | Z23: =IF($B23="","",IFERROR(S23/C23,0)) -> 0
B24: =IF(INDEX(マスタ!$A$2:$A$60,8)="","",INDEX(マスタ!$A$2:$A$60,8)) -> CSアポ | C24: =IF($B24="","",COUNTIFS('全体集計(入力)触るな(大阪)'!$M$2:$M$501,$B24,'全体集計(入力)触るな(大阪)'!$L$2:$L$501,"<>")) -> 0 | D24: =IF($B24="","",COUNTIFS('全体集計(入力)触るな(大阪)'!$M$2:$M$501,$B24,'全体集計(入力)触るな(大阪)'!$L$2:$L$501,"決済")+COUNTIFS('全体集計(入力)触るな(大阪)'!$M$2:$M$501,$B24,'全体集計(入力)触るな(大阪)'!$L$2:$L$501,"外人(決済)")) -> 0 | E24: =IF($B24="","",COUNTIFS('全体集計(入力)触るな(大阪)'!$M$2:$M$501,$B24,'全体集計(入力)触るな(大阪)'!$L$2:$L$501,"非決済")+COUNTIFS('全体集計(入力)触るな(大阪)'!$M$2:$M$501,$B24,'全体集計(入力)触るな(大阪)'!$L$2:$L$501,"外人(非決済)")) -> 0 | F24: =IF($B24="","",COUNTIFS('全体集計(入力)触るな(大阪)'!$M$2:$M$501,$B24,'全体集計(入力)触るな(大阪)'!$L$2:$L$501,"外人(決済)")+COUNTIFS('全体集計(入力)触るな(大阪)'!$M$2:$M$501,$B24,'全体集計(入力)触るな(大阪)'!$L$2:$L$501,"外人(非決済)")) -> 0 | G24: =IF($B24="","",COUNTIFS('全体集計(入力)触るな(大阪)'!$M$2:$M$501,$B24,'全体集計(入力)触るな(大阪)'!$Q$2:$Q$501,"OK")) -> 0 | H24: =IF($B24="","",COUNTIFS('全体集計(入力)触るな(大阪)'!$M$2:$M$501,$B24,'全体集計(入力)触るな(大阪)'!$L$2:$L$501,"決済",'全体集計(入力)触るな(大阪)'!$Q$2:$Q$501,"OK")+COUNTIFS('全体集計(入力)触るな(大阪)'!$M$2:$M$501,$B24,'全体集計(入力)触るな(大阪)'!$L$2:$L$501,"外人(決済)",'全体集計(入力)触るな(大阪)'!$Q$2:$Q$501,"OK")) -> 0 | I24: =IF($B24="","",COUNTIFS('全体集計(入力)触るな(大阪)'!$M$2:$M$501,$B24,'全体集計(入力)触るな(大阪)'!$Q$2:$Q$501,"NG")) -> 0 | J24: =IF($B24="","",COUNTIFS('全体集計(入力)触るな(大阪)'!$M$2:$M$501,$B24,'全体集計(入力)触るな(大阪)'!$V$2:$V$501,"リスケ")) -> 0 | K24: =IF($B24="","",COUNTIFS('全体集計(入力)触るな(大阪)'!$M$2:$M$501,$B24,'全体集計(入力)触るな(大阪)'!$W$2:$W$501,"有効商談")+COUNTIFS('全体集計(入力)触るな(大阪)'!$M$2:$M$501,$B24,'全体集計(入力)触るな(大阪)'!$W$2:$W$501,"無効商談")) -> 0 | L24: =IF($B24="","",COUNTIFS('全体集計(入力)触るな(大阪)'!$M$2:$M$501,$B24,'全体集計(入力)触るな(大阪)'!$W$2:$W$501,"有効商談")) -> 0 | M24: =IF($B24="","",COUNTIFS('全体集計(入力)触るな(大阪)'!$M$2:$M$501,$B24,'全体集計(入力)触るな(大阪)'!$W$2:$W$501,"無効商談")) -> 0 | N24: =IF($B24="","",COUNTIFS('全体集計(入力)触るな(大阪)'!$M$2:$M$501,$B24,'全体集計(入力)触るな(大阪)'!$AF$2:$AF$501,"商談キャンセル")) -> 0 | O24: =IF($B24="","",COUNTIFS('全体集計(入力)触るな(大阪)'!$M$2:$M$501,$B24,'全体集計(入力)触るな(大阪)'!$Z$2:$Z$501,"決済者")) -> 0 | P24: =IF($B24="","",COUNTIFS('全体集計(入力)触るな(大阪)'!$M$2:$M$501,$B24,'全体集計(入力)触るな(大阪)'!$AF$2:$AF$501,"失注")) -> 0 | Q24: =IF($B24="","",COUNTIFS('全体集計(入力)触るな(大阪)'!$M$2:$M$501,$B24,'全体集計(入力)触るな(大阪)'!$W$2:$W$501,"有効商談",'全体集計(入力)触るな(大阪)'!$AF$2:$AF$501,"失注")) -> 0 | R24: =IF($B24="","",COUNTIFS('全体集計(入力)触るな(大阪)'!$M$2:$M$501,$B24,'全体集計(入力)触るな(大阪)'!$W$2:$W$501,"有効商談",'全体集計(入力)触るな(大阪)'!$X$2:$X$501,"検討")) -> 0 | S24: =IF($B24="","",COUNTIFS('全体集計(入力)触るな(大阪)'!$M$2:$M$501,$B24,'全体集計(入力)触るな(大阪)'!$AF$2:$AF$501,"受注")) -> 0 | T24: =IF($B24="","",COUNTIFS('全体集計(入力)触るな(大阪)'!$M$2:$M$501,$B24,'全体集計(入力)触るな(大阪)'!$AC$2:$AC$501,"⚪︎")) -> 0 | U24: =IF($B24="","",SUMIFS('全体集計(入力)触るな(大阪)'!$AD$2:$AD$501,'全体集計(入力)触るな(大阪)'!$M$2:$M$501,$B24,'全体集計(入力)触るな(大阪)'!$AF$2:$AF$501,"受注")) -> 0 | V24: =IF($B24="","",INT(U24/10000)) -> 0 | W24: =IF($B24="","",SUMIFS(シフト入力!$N$2:$N$1501,シフト入力!$B$2:$B$1501,$B24,シフト入力!$A$2:$A$1501,"<="&TODAY())) -> 0 | X24: =IF($B24="","",IFERROR(C24/W24,0)) -> 0 | Y24: =IF($B24="","",IFERROR(G24/C24,0)) -> 0 | Z24: =IF($B24="","",IFERROR(S24/C24,0)) -> 0
B25: =IF(INDEX(マスタ!$A$2:$A$60,9)="","",INDEX(マスタ!$A$2:$A$60,9)) -> 大場 | C25: =IF($B25="","",COUNTIFS('全体集計(入力)触るな(大阪)'!$M$2:$M$501,$B25,'全体集計(入力)触るな(大阪)'!$L$2:$L$501,"<>")) -> 0 | D25: =IF($B25="","",COUNTIFS('全体集計(入力)触るな(大阪)'!$M$2:$M$501,$B25,'全体集計(入力)触るな(大阪)'!$L$2:$L$501,"決済")+COUNTIFS('全体集計(入力)触るな(大阪)'!$M$2:$M$501,$B25,'全体集計(入力)触るな(大阪)'!$L$2:$L$501,"外人(決済)")) -> 0 | E25: =IF($B25="","",COUNTIFS('全体集計(入力)触るな(大阪)'!$M$2:$M$501,$B25,'全体集計(入力)触るな(大阪)'!$L$2:$L$501,"非決済")+COUNTIFS('全体集計(入力)触るな(大阪)'!$M$2:$M$501,$B25,'全体集計(入力)触るな(大阪)'!$L$2:$L$501,"外人(非決済)")) -> 0 | F25: =IF($B25="","",COUNTIFS('全体集計(入力)触るな(大阪)'!$M$2:$M$501,$B25,'全体集計(入力)触るな(大阪)'!$L$2:$L$501,"外人(決済)")+COUNTIFS('全体集計(入力)触るな(大阪)'!$M$2:$M$501,$B25,'全体集計(入力)触るな(大阪)'!$L$2:$L$501,"外人(非決済)")) -> 0 | G25: =IF($B25="","",COUNTIFS('全体集計(入力)触るな(大阪)'!$M$2:$M$501,$B25,'全体集計(入力)触るな(大阪)'!$Q$2:$Q$501,"OK")) -> 0 | H25: =IF($B25="","",COUNTIFS('全体集計(入力)触るな(大阪)'!$M$2:$M$501,$B25,'全体集計(入力)触るな(大阪)'!$L$2:$L$501,"決済",'全体集計(入力)触るな(大阪)'!$Q$2:$Q$501,"OK")+COUNTIFS('全体集計(入力)触るな(大阪)'!$M$2:$M$501,$B25,'全体集計(入力)触るな(大阪)'!$L$2:$L$501,"外人(決済)",'全体集計(入力)触るな(大阪)'!$Q$2:$Q$501,"OK")) -> 0 | I25: =IF($B25="","",COUNTIFS('全体集計(入力)触るな(大阪)'!$M$2:$M$501,$B25,'全体集計(入力)触るな(大阪)'!$Q$2:$Q$501,"NG")) -> 0 | J25: =IF($B25="","",COUNTIFS('全体集計(入力)触るな(大阪)'!$M$2:$M$501,$B25,'全体集計(入力)触るな(大阪)'!$V$2:$V$501,"リスケ")) -> 0 | K25: =IF($B25="","",COUNTIFS('全体集計(入力)触るな(大阪)'!$M$2:$M$501,$B25,'全体集計(入力)触るな(大阪)'!$W$2:$W$501,"有効商談")+COUNTIFS('全体集計(入力)触るな(大阪)'!$M$2:$M$501,$B25,'全体集計(入力)触るな(大阪)'!$W$2:$W$501,"無効商談")) -> 0 | L25: =IF($B25="","",COUNTIFS('全体集計(入力)触るな(大阪)'!$M$2:$M$501,$B25,'全体集計(入力)触るな(大阪)'!$W$2:$W$501,"有効商談")) -> 0 | M25: =IF($B25="","",COUNTIFS('全体集計(入力)触るな(大阪)'!$M$2:$M$501,$B25,'全体集計(入力)触るな(大阪)'!$W$2:$W$501,"無効商談")) -> 0 | N25: =IF($B25="","",COUNTIFS('全体集計(入力)触るな(大阪)'!$M$2:$M$501,$B25,'全体集計(入力)触るな(大阪)'!$AF$2:$AF$501,"商談キャンセル")) -> 0 | O25: =IF($B25="","",COUNTIFS('全体集計(入力)触るな(大阪)'!$M$2:$M$501,$B25,'全体集計(入力)触るな(大阪)'!$Z$2:$Z$501,"決済者")) -> 0 | P25: =IF($B25="","",COUNTIFS('全体集計(入力)触るな(大阪)'!$M$2:$M$501,$B25,'全体集計(入力)触るな(大阪)'!$AF$2:$AF$501,"失注")) -> 0 | Q25: =IF($B25="","",COUNTIFS('全体集計(入力)触るな(大阪)'!$M$2:$M$501,$B25,'全体集計(入力)触るな(大阪)'!$W$2:$W$501,"有効商談",'全体集計(入力)触るな(大阪)'!$AF$2:$AF$501,"失注")) -> 0 | R25: =IF($B25="","",COUNTIFS('全体集計(入力)触るな(大阪)'!$M$2:$M$501,$B25,'全体集計(入力)触るな(大阪)'!$W$2:$W$501,"有効商談",'全体集計(入力)触るな(大阪)'!$X$2:$X$501,"検討")) -> 0 | S25: =IF($B25="","",COUNTIFS('全体集計(入力)触るな(大阪)'!$M$2:$M$501,$B25,'全体集計(入力)触るな(大阪)'!$AF$2:$AF$501,"受注")) -> 0 | T25: =IF($B25="","",COUNTIFS('全体集計(入力)触るな(大阪)'!$M$2:$M$501,$B25,'全体集計(入力)触るな(大阪)'!$AC$2:$AC$501,"⚪︎")) -> 0 | U25: =IF($B25="","",SUMIFS('全体集計(入力)触るな(大阪)'!$AD$2:$AD$501,'全体集計(入力)触るな(大阪)'!$M$2:$M$501,$B25,'全体集計(入力)触るな(大阪)'!$AF$2:$AF$501,"受注")) -> 0 | V25: =IF($B25="","",INT(U25/10000)) -> 0 | W25: =IF($B25="","",SUMIFS(シフト入力!$N$2:$N$1501,シフト入力!$B$2:$B$1501,$B25,シフト入力!$A$2:$A$1501,"<="&TODAY())) -> 0 | X25: =IF($B25="","",IFERROR(C25/W25,0)) -> 0 | Y25: =IF($B25="","",IFERROR(G25/C25,0)) -> 0 | Z25: =IF($B25="","",IFERROR(S25/C25,0)) -> 0
B26: =IF(INDEX(マスタ!$A$2:$A$60,10)="","",INDEX(マスタ!$A$2:$A$60,10)) -> 村上 | C26: =IF($B26="","",COUNTIFS('全体集計(入力)触るな(大阪)'!$M$2:$M$501,$B26,'全体集計(入力)触るな(大阪)'!$L$2:$L$501,"<>")) -> 0 | D26: =IF($B26="","",COUNTIFS('全体集計(入力)触るな(大阪)'!$M$2:$M$501,$B26,'全体集計(入力)触るな(大阪)'!$L$2:$L$501,"決済")+COUNTIFS('全体集計(入力)触るな(大阪)'!$M$2:$M$501,$B26,'全体集計(入力)触るな(大阪)'!$L$2:$L$501,"外人(決済)")) -> 0 | E26: =IF($B26="","",COUNTIFS('全体集計(入力)触るな(大阪)'!$M$2:$M$501,$B26,'全体集計(入力)触るな(大阪)'!$L$2:$L$501,"非決済")+COUNTIFS('全体集計(入力)触るな(大阪)'!$M$2:$M$501,$B26,'全体集計(入力)触るな(大阪)'!$L$2:$L$501,"外人(非決済)")) -> 0 | F26: =IF($B26="","",COUNTIFS('全体集計(入力)触るな(大阪)'!$M$2:$M$501,$B26,'全体集計(入力)触るな(大阪)'!$L$2:$L$501,"外人(決済)")+COUNTIFS('全体集計(入力)触るな(大阪)'!$M$2:$M$501,$B26,'全体集計(入力)触るな(大阪)'!$L$2:$L$501,"外人(非決済)")) -> 0 | G26: =IF($B26="","",COUNTIFS('全体集計(入力)触るな(大阪)'!$M$2:$M$501,$B26,'全体集計(入力)触るな(大阪)'!$Q$2:$Q$501,"OK")) -> 0 | H26: =IF($B26="","",COUNTIFS('全体集計(入力)触るな(大阪)'!$M$2:$M$501,$B26,'全体集計(入力)触るな(大阪)'!$L$2:$L$501,"決済",'全体集計(入力)触るな(大阪)'!$Q$2:$Q$501,"OK")+COUNTIFS('全体集計(入力)触るな(大阪)'!$M$2:$M$501,$B26,'全体集計(入力)触るな(大阪)'!$L$2:$L$501,"外人(決済)",'全体集計(入力)触るな(大阪)'!$Q$2:$Q$501,"OK")) -> 0 | I26: =IF($B26="","",COUNTIFS('全体集計(入力)触るな(大阪)'!$M$2:$M$501,$B26,'全体集計(入力)触るな(大阪)'!$Q$2:$Q$501,"NG")) -> 0 | J26: =IF($B26="","",COUNTIFS('全体集計(入力)触るな(大阪)'!$M$2:$M$501,$B26,'全体集計(入力)触るな(大阪)'!$V$2:$V$501,"リスケ")) -> 0 | K26: =IF($B26="","",COUNTIFS('全体集計(入力)触るな(大阪)'!$M$2:$M$501,$B26,'全体集計(入力)触るな(大阪)'!$W$2:$W$501,"有効商談")+COUNTIFS('全体集計(入力)触るな(大阪)'!$M$2:$M$501,$B26,'全体集計(入力)触るな(大阪)'!$W$2:$W$501,"無効商談")) -> 0 | L26: =IF($B26="","",COUNTIFS('全体集計(入力)触るな(大阪)'!$M$2:$M$501,$B26,'全体集計(入力)触るな(大阪)'!$W$2:$W$501,"有効商談")) -> 0 | M26: =IF($B26="","",COUNTIFS('全体集計(入力)触るな(大阪)'!$M$2:$M$501,$B26,'全体集計(入力)触るな(大阪)'!$W$2:$W$501,"無効商談")) -> 0 | N26: =IF($B26="","",COUNTIFS('全体集計(入力)触るな(大阪)'!$M$2:$M$501,$B26,'全体集計(入力)触るな(大阪)'!$AF$2:$AF$501,"商談キャンセル")) -> 0 | O26: =IF($B26="","",COUNTIFS('全体集計(入力)触るな(大阪)'!$M$2:$M$501,$B26,'全体集計(入力)触るな(大阪)'!$Z$2:$Z$501,"決済者")) -> 0 | P26: =IF($B26="","",COUNTIFS('全体集計(入力)触るな(大阪)'!$M$2:$M$501,$B26,'全体集計(入力)触るな(大阪)'!$AF$2:$AF$501,"失注")) -> 0 | Q26: =IF($B26="","",COUNTIFS('全体集計(入力)触るな(大阪)'!$M$2:$M$501,$B26,'全体集計(入力)触るな(大阪)'!$W$2:$W$501,"有効商談",'全体集計(入力)触るな(大阪)'!$AF$2:$AF$501,"失注")) -> 0 | R26: =IF($B26="","",COUNTIFS('全体集計(入力)触るな(大阪)'!$M$2:$M$501,$B26,'全体集計(入力)触るな(大阪)'!$W$2:$W$501,"有効商談",'全体集計(入力)触るな(大阪)'!$X$2:$X$501,"検討")) -> 0 | S26: =IF($B26="","",COUNTIFS('全体集計(入力)触るな(大阪)'!$M$2:$M$501,$B26,'全体集計(入力)触るな(大阪)'!$AF$2:$AF$501,"受注")) -> 0 | T26: =IF($B26="","",COUNTIFS('全体集計(入力)触るな(大阪)'!$M$2:$M$501,$B26,'全体集計(入力)触るな(大阪)'!$AC$2:$AC$501,"⚪︎")) -> 0 | U26: =IF($B26="","",SUMIFS('全体集計(入力)触るな(大阪)'!$AD$2:$AD$501,'全体集計(入力)触るな(大阪)'!$M$2:$M$501,$B26,'全体集計(入力)触るな(大阪)'!$AF$2:$AF$501,"受注")) -> 0 | V26: =IF($B26="","",INT(U26/10000)) -> 0 | W26: =IF($B26="","",SUMIFS(シフト入力!$N$2:$N$1501,シフト入力!$B$2:$B$1501,$B26,シフト入力!$A$2:$A$1501,"<="&TODAY())) -> 0 | X26: =IF($B26="","",IFERROR(C26/W26,0)) -> 0 | Y26: =IF($B26="","",IFERROR(G26/C26,0)) -> 0 | Z26: =IF($B26="","",IFERROR(S26/C26,0)) -> 0
B27: =IF(INDEX(マスタ!$A$2:$A$60,11)="","",INDEX(マスタ!$A$2:$A$60,11)) -> 谷川(ゆ) | C27: =IF($B27="","",COUNTIFS('全体集計(入力)触るな(大阪)'!$M$2:$M$501,$B27,'全体集計(入力)触るな(大阪)'!$L$2:$L$501,"<>")) -> 0 | D27: =IF($B27="","",COUNTIFS('全体集計(入力)触るな(大阪)'!$M$2:$M$501,$B27,'全体集計(入力)触るな(大阪)'!$L$2:$L$501,"決済")+COUNTIFS('全体集計(入力)触るな(大阪)'!$M$2:$M$501,$B27,'全体集計(入力)触るな(大阪)'!$L$2:$L$501,"外人(決済)")) -> 0 | E27: =IF($B27="","",COUNTIFS('全体集計(入力)触るな(大阪)'!$M$2:$M$501,$B27,'全体集計(入力)触るな(大阪)'!$L$2:$L$501,"非決済")+COUNTIFS('全体集計(入力)触るな(大阪)'!$M$2:$M$501,$B27,'全体集計(入力)触るな(大阪)'!$L$2:$L$501,"外人(非決済)")) -> 0 | F27: =IF($B27="","",COUNTIFS('全体集計(入力)触るな(大阪)'!$M$2:$M$501,$B27,'全体集計(入力)触るな(大阪)'!$L$2:$L$501,"外人(決済)")+COUNTIFS('全体集計(入力)触るな(大阪)'!$M$2:$M$501,$B27,'全体集計(入力)触るな(大阪)'!$L$2:$L$501,"外人(非決済)")) -> 0 | G27: =IF($B27="","",COUNTIFS('全体集計(入力)触るな(大阪)'!$M$2:$M$501,$B27,'全体集計(入力)触るな(大阪)'!$Q$2:$Q$501,"OK")) -> 0 | H27: =IF($B27="","",COUNTIFS('全体集計(入力)触るな(大阪)'!$M$2:$M$501,$B27,'全体集計(入力)触るな(大阪)'!$L$2:$L$501,"決済",'全体集計(入力)触るな(大阪)'!$Q$2:$Q$501,"OK")+COUNTIFS('全体集計(入力)触るな(大阪)'!$M$2:$M$501,$B27,'全体集計(入力)触るな(大阪)'!$L$2:$L$501,"外人(決済)",'全体集計(入力)触るな(大阪)'!$Q$2:$Q$501,"OK")) -> 0 | I27: =IF($B27="","",COUNTIFS('全体集計(入力)触るな(大阪)'!$M$2:$M$501,$B27,'全体集計(入力)触るな(大阪)'!$Q$2:$Q$501,"NG")) -> 0 | J27: =IF($B27="","",COUNTIFS('全体集計(入力)触るな(大阪)'!$M$2:$M$501,$B27,'全体集計(入力)触るな(大阪)'!$V$2:$V$501,"リスケ")) -> 0 | K27: =IF($B27="","",COUNTIFS('全体集計(入力)触るな(大阪)'!$M$2:$M$501,$B27,'全体集計(入力)触るな(大阪)'!$W$2:$W$501,"有効商談")+COUNTIFS('全体集計(入力)触るな(大阪)'!$M$2:$M$501,$B27,'全体集計(入力)触るな(大阪)'!$W$2:$W$501,"無効商談")) -> 0 | L27: =IF($B27="","",COUNTIFS('全体集計(入力)触るな(大阪)'!$M$2:$M$501,$B27,'全体集計(入力)触るな(大阪)'!$W$2:$W$501,"有効商談")) -> 0 | M27: =IF($B27="","",COUNTIFS('全体集計(入力)触るな(大阪)'!$M$2:$M$501,$B27,'全体集計(入力)触るな(大阪)'!$W$2:$W$501,"無効商談")) -> 0 | N27: =IF($B27="","",COUNTIFS('全体集計(入力)触るな(大阪)'!$M$2:$M$501,$B27,'全体集計(入力)触るな(大阪)'!$AF$2:$AF$501,"商談キャンセル")) -> 0 | O27: =IF($B27="","",COUNTIFS('全体集計(入力)触るな(大阪)'!$M$2:$M$501,$B27,'全体集計(入力)触るな(大阪)'!$Z$2:$Z$501,"決済者")) -> 0 | P27: =IF($B27="","",COUNTIFS('全体集計(入力)触るな(大阪)'!$M$2:$M$501,$B27,'全体集計(入力)触るな(大阪)'!$AF$2:$AF$501,"失注")) -> 0 | Q27: =IF($B27="","",COUNTIFS('全体集計(入力)触るな(大阪)'!$M$2:$M$501,$B27,'全体集計(入力)触るな(大阪)'!$W$2:$W$501,"有効商談",'全体集計(入力)触るな(大阪)'!$AF$2:$AF$501,"失注")) -> 0 | R27: =IF($B27="","",COUNTIFS('全体集計(入力)触るな(大阪)'!$M$2:$M$501,$B27,'全体集計(入力)触るな(大阪)'!$W$2:$W$501,"有効商談",'全体集計(入力)触るな(大阪)'!$X$2:$X$501,"検討")) -> 0 | S27: =IF($B27="","",COUNTIFS('全体集計(入力)触るな(大阪)'!$M$2:$M$501,$B27,'全体集計(入力)触るな(大阪)'!$AF$2:$AF$501,"受注")) -> 0 | T27: =IF($B27="","",COUNTIFS('全体集計(入力)触るな(大阪)'!$M$2:$M$501,$B27,'全体集計(入力)触るな(大阪)'!$AC$2:$AC$501,"⚪︎")) -> 0 | U27: =IF($B27="","",SUMIFS('全体集計(入力)触るな(大阪)'!$AD$2:$AD$501,'全体集計(入力)触るな(大阪)'!$M$2:$M$501,$B27,'全体集計(入力)触るな(大阪)'!$AF$2:$AF$501,"受注")) -> 0 | V27: =IF($B27="","",INT(U27/10000)) -> 0 | W27: =IF($B27="","",SUMIFS(シフト入力!$N$2:$N$1501,シフト入力!$B$2:$B$1501,$B27,シフト入力!$A$2:$A$1501,"<="&TODAY())) -> 0 | X27: =IF($B27="","",IFERROR(C27/W27,0)) -> 0 | Y27: =IF($B27="","",IFERROR(G27/C27,0)) -> 0 | Z27: =IF($B27="","",IFERROR(S27/C27,0)) -> 0
B28: =IF(INDEX(マスタ!$A$2:$A$60,12)="","",INDEX(マスタ!$A$2:$A$60,12)) -> 金本 | C28: =IF($B28="","",COUNTIFS('全体集計(入力)触るな(大阪)'!$M$2:$M$501,$B28,'全体集計(入力)触るな(大阪)'!$L$2:$L$501,"<>")) -> 0 | D28: =IF($B28="","",COUNTIFS('全体集計(入力)触るな(大阪)'!$M$2:$M$501,$B28,'全体集計(入力)触るな(大阪)'!$L$2:$L$501,"決済")+COUNTIFS('全体集計(入力)触るな(大阪)'!$M$2:$M$501,$B28,'全体集計(入力)触るな(大阪)'!$L$2:$L$501,"外人(決済)")) -> 0 | E28: =IF($B28="","",COUNTIFS('全体集計(入力)触るな(大阪)'!$M$2:$M$501,$B28,'全体集計(入力)触るな(大阪)'!$L$2:$L$501,"非決済")+COUNTIFS('全体集計(入力)触るな(大阪)'!$M$2:$M$501,$B28,'全体集計(入力)触るな(大阪)'!$L$2:$L$501,"外人(非決済)")) -> 0 | F28: =IF($B28="","",COUNTIFS('全体集計(入力)触るな(大阪)'!$M$2:$M$501,$B28,'全体集計(入力)触るな(大阪)'!$L$2:$L$501,"外人(決済)")+COUNTIFS('全体集計(入力)触るな(大阪)'!$M$2:$M$501,$B28,'全体集計(入力)触るな(大阪)'!$L$2:$L$501,"外人(非決済)")) -> 0 | G28: =IF($B28="","",COUNTIFS('全体集計(入力)触るな(大阪)'!$M$2:$M$501,$B28,'全体集計(入力)触るな(大阪)'!$Q$2:$Q$501,"OK")) -> 0 | H28: =IF($B28="","",COUNTIFS('全体集計(入力)触るな(大阪)'!$M$2:$M$501,$B28,'全体集計(入力)触るな(大阪)'!$L$2:$L$501,"決済",'全体集計(入力)触るな(大阪)'!$Q$2:$Q$501,"OK")+COUNTIFS('全体集計(入力)触るな(大阪)'!$M$2:$M$501,$B28,'全体集計(入力)触るな(大阪)'!$L$2:$L$501,"外人(決済)",'全体集計(入力)触るな(大阪)'!$Q$2:$Q$501,"OK")) -> 0 | I28: =IF($B28="","",COUNTIFS('全体集計(入力)触るな(大阪)'!$M$2:$M$501,$B28,'全体集計(入力)触るな(大阪)'!$Q$2:$Q$501,"NG")) -> 0 | J28: =IF($B28="","",COUNTIFS('全体集計(入力)触るな(大阪)'!$M$2:$M$501,$B28,'全体集計(入力)触るな(大阪)'!$V$2:$V$501,"リスケ")) -> 0 | K28: =IF($B28="","",COUNTIFS('全体集計(入力)触るな(大阪)'!$M$2:$M$501,$B28,'全体集計(入力)触るな(大阪)'!$W$2:$W$501,"有効商談")+COUNTIFS('全体集計(入力)触るな(大阪)'!$M$2:$M$501,$B28,'全体集計(入力)触るな(大阪)'!$W$2:$W$501,"無効商談")) -> 0 | L28: =IF($B28="","",COUNTIFS('全体集計(入力)触るな(大阪)'!$M$2:$M$501,$B28,'全体集計(入力)触るな(大阪)'!$W$2:$W$501,"有効商談")) -> 0 | M28: =IF($B28="","",COUNTIFS('全体集計(入力)触るな(大阪)'!$M$2:$M$501,$B28,'全体集計(入力)触るな(大阪)'!$W$2:$W$501,"無効商談")) -> 0 | N28: =IF($B28="","",COUNTIFS('全体集計(入力)触るな(大阪)'!$M$2:$M$501,$B28,'全体集計(入力)触るな(大阪)'!$AF$2:$AF$501,"商談キャンセル")) -> 0 | O28: =IF($B28="","",COUNTIFS('全体集計(入力)触るな(大阪)'!$M$2:$M$501,$B28,'全体集計(入力)触るな(大阪)'!$Z$2:$Z$501,"決済者")) -> 0 | P28: =IF($B28="","",COUNTIFS('全体集計(入力)触るな(大阪)'!$M$2:$M$501,$B28,'全体集計(入力)触るな(大阪)'!$AF$2:$AF$501,"失注")) -> 0 | Q28: =IF($B28="","",COUNTIFS('全体集計(入力)触るな(大阪)'!$M$2:$M$501,$B28,'全体集計(入力)触るな(大阪)'!$W$2:$W$501,"有効商談",'全体集計(入力)触るな(大阪)'!$AF$2:$AF$501,"失注")) -> 0 | R28: =IF($B28="","",COUNTIFS('全体集計(入力)触るな(大阪)'!$M$2:$M$501,$B28,'全体集計(入力)触るな(大阪)'!$W$2:$W$501,"有効商談",'全体集計(入力)触るな(大阪)'!$X$2:$X$501,"検討")) -> 0 | S28: =IF($B28="","",COUNTIFS('全体集計(入力)触るな(大阪)'!$M$2:$M$501,$B28,'全体集計(入力)触るな(大阪)'!$AF$2:$AF$501,"受注")) -> 0 | T28: =IF($B28="","",COUNTIFS('全体集計(入力)触るな(大阪)'!$M$2:$M$501,$B28,'全体集計(入力)触るな(大阪)'!$AC$2:$AC$501,"⚪︎")) -> 0 | U28: =IF($B28="","",SUMIFS('全体集計(入力)触るな(大阪)'!$AD$2:$AD$501,'全体集計(入力)触るな(大阪)'!$M$2:$M$501,$B28,'全体集計(入力)触るな(大阪)'!$AF$2:$AF$501,"受注")) -> 0 | V28: =IF($B28="","",INT(U28/10000)) -> 0 | W28: =IF($B28="","",SUMIFS(シフト入力!$N$2:$N$1501,シフト入力!$B$2:$B$1501,$B28,シフト入力!$A$2:$A$1501,"<="&TODAY())) -> 0 | X28: =IF($B28="","",IFERROR(C28/W28,0)) -> 0 | Y28: =IF($B28="","",IFERROR(G28/C28,0)) -> 0 | Z28: =IF($B28="","",IFERROR(S28/C28,0)) -> 0
B29: =IF(INDEX(マスタ!$A$2:$A$60,13)="","",INDEX(マスタ!$A$2:$A$60,13)) -> 岩本 | C29: =IF($B29="","",COUNTIFS('全体集計(入力)触るな(大阪)'!$M$2:$M$501,$B29,'全体集計(入力)触るな(大阪)'!$L$2:$L$501,"<>")) -> 0 | D29: =IF($B29="","",COUNTIFS('全体集計(入力)触るな(大阪)'!$M$2:$M$501,$B29,'全体集計(入力)触るな(大阪)'!$L$2:$L$501,"決済")+COUNTIFS('全体集計(入力)触るな(大阪)'!$M$2:$M$501,$B29,'全体集計(入力)触るな(大阪)'!$L$2:$L$501,"外人(決済)")) -> 0 | E29: =IF($B29="","",COUNTIFS('全体集計(入力)触るな(大阪)'!$M$2:$M$501,$B29,'全体集計(入力)触るな(大阪)'!$L$2:$L$501,"非決済")+COUNTIFS('全体集計(入力)触るな(大阪)'!$M$2:$M$501,$B29,'全体集計(入力)触るな(大阪)'!$L$2:$L$501,"外人(非決済)")) -> 0 | F29: =IF($B29="","",COUNTIFS('全体集計(入力)触るな(大阪)'!$M$2:$M$501,$B29,'全体集計(入力)触るな(大阪)'!$L$2:$L$501,"外人(決済)")+COUNTIFS('全体集計(入力)触るな(大阪)'!$M$2:$M$501,$B29,'全体集計(入力)触るな(大阪)'!$L$2:$L$501,"外人(非決済)")) -> 0 | G29: =IF($B29="","",COUNTIFS('全体集計(入力)触るな(大阪)'!$M$2:$M$501,$B29,'全体集計(入力)触るな(大阪)'!$Q$2:$Q$501,"OK")) -> 0 | H29: =IF($B29="","",COUNTIFS('全体集計(入力)触るな(大阪)'!$M$2:$M$501,$B29,'全体集計(入力)触るな(大阪)'!$L$2:$L$501,"決済",'全体集計(入力)触るな(大阪)'!$Q$2:$Q$501,"OK")+COUNTIFS('全体集計(入力)触るな(大阪)'!$M$2:$M$501,$B29,'全体集計(入力)触るな(大阪)'!$L$2:$L$501,"外人(決済)",'全体集計(入力)触るな(大阪)'!$Q$2:$Q$501,"OK")) -> 0 | I29: =IF($B29="","",COUNTIFS('全体集計(入力)触るな(大阪)'!$M$2:$M$501,$B29,'全体集計(入力)触るな(大阪)'!$Q$2:$Q$501,"NG")) -> 0 | J29: =IF($B29="","",COUNTIFS('全体集計(入力)触るな(大阪)'!$M$2:$M$501,$B29,'全体集計(入力)触るな(大阪)'!$V$2:$V$501,"リスケ")) -> 0 | K29: =IF($B29="","",COUNTIFS('全体集計(入力)触るな(大阪)'!$M$2:$M$501,$B29,'全体集計(入力)触るな(大阪)'!$W$2:$W$501,"有効商談")+COUNTIFS('全体集計(入力)触るな(大阪)'!$M$2:$M$501,$B29,'全体集計(入力)触るな(大阪)'!$W$2:$W$501,"無効商談")) -> 0 | L29: =IF($B29="","",COUNTIFS('全体集計(入力)触るな(大阪)'!$M$2:$M$501,$B29,'全体集計(入力)触るな(大阪)'!$W$2:$W$501,"有効商談")) -> 0 | M29: =IF($B29="","",COUNTIFS('全体集計(入力)触るな(大阪)'!$M$2:$M$501,$B29,'全体集計(入力)触るな(大阪)'!$W$2:$W$501,"無効商談")) -> 0 | N29: =IF($B29="","",COUNTIFS('全体集計(入力)触るな(大阪)'!$M$2:$M$501,$B29,'全体集計(入力)触るな(大阪)'!$AF$2:$AF$501,"商談キャンセル")) -> 0 | O29: =IF($B29="","",COUNTIFS('全体集計(入力)触るな(大阪)'!$M$2:$M$501,$B29,'全体集計(入力)触るな(大阪)'!$Z$2:$Z$501,"決済者")) -> 0 | P29: =IF($B29="","",COUNTIFS('全体集計(入力)触るな(大阪)'!$M$2:$M$501,$B29,'全体集計(入力)触るな(大阪)'!$AF$2:$AF$501,"失注")) -> 0 | Q29: =IF($B29="","",COUNTIFS('全体集計(入力)触るな(大阪)'!$M$2:$M$501,$B29,'全体集計(入力)触るな(大阪)'!$W$2:$W$501,"有効商談",'全体集計(入力)触るな(大阪)'!$AF$2:$AF$501,"失注")) -> 0 | R29: =IF($B29="","",COUNTIFS('全体集計(入力)触るな(大阪)'!$M$2:$M$501,$B29,'全体集計(入力)触るな(大阪)'!$W$2:$W$501,"有効商談",'全体集計(入力)触るな(大阪)'!$X$2:$X$501,"検討")) -> 0 | S29: =IF($B29="","",COUNTIFS('全体集計(入力)触るな(大阪)'!$M$2:$M$501,$B29,'全体集計(入力)触るな(大阪)'!$AF$2:$AF$501,"受注")) -> 0 | T29: =IF($B29="","",COUNTIFS('全体集計(入力)触るな(大阪)'!$M$2:$M$501,$B29,'全体集計(入力)触るな(大阪)'!$AC$2:$AC$501,"⚪︎")) -> 0 | U29: =IF($B29="","",SUMIFS('全体集計(入力)触るな(大阪)'!$AD$2:$AD$501,'全体集計(入力)触るな(大阪)'!$M$2:$M$501,$B29,'全体集計(入力)触るな(大阪)'!$AF$2:$AF$501,"受注")) -> 0 | V29: =IF($B29="","",INT(U29/10000)) -> 0 | W29: =IF($B29="","",SUMIFS(シフト入力!$N$2:$N$1501,シフト入力!$B$2:$B$1501,$B29,シフト入力!$A$2:$A$1501,"<="&TODAY())) -> 0 | X29: =IF($B29="","",IFERROR(C29/W29,0)) -> 0 | Y29: =IF($B29="","",IFERROR(G29/C29,0)) -> 0 | Z29: =IF($B29="","",IFERROR(S29/C29,0)) -> 0
B30: =IF(INDEX(マスタ!$A$2:$A$60,14)="","",INDEX(マスタ!$A$2:$A$60,14)) -> 谷川(と) | C30: =IF($B30="","",COUNTIFS('全体集計(入力)触るな(大阪)'!$M$2:$M$501,$B30,'全体集計(入力)触るな(大阪)'!$L$2:$L$501,"<>")) -> 0 | D30: =IF($B30="","",COUNTIFS('全体集計(入力)触るな(大阪)'!$M$2:$M$501,$B30,'全体集計(入力)触るな(大阪)'!$L$2:$L$501,"決済")+COUNTIFS('全体集計(入力)触るな(大阪)'!$M$2:$M$501,$B30,'全体集計(入力)触るな(大阪)'!$L$2:$L$501,"外人(決済)")) -> 0 | E30: =IF($B30="","",COUNTIFS('全体集計(入力)触るな(大阪)'!$M$2:$M$501,$B30,'全体集計(入力)触るな(大阪)'!$L$2:$L$501,"非決済")+COUNTIFS('全体集計(入力)触るな(大阪)'!$M$2:$M$501,$B30,'全体集計(入力)触るな(大阪)'!$L$2:$L$501,"外人(非決済)")) -> 0 | F30: =IF($B30="","",COUNTIFS('全体集計(入力)触るな(大阪)'!$M$2:$M$501,$B30,'全体集計(入力)触るな(大阪)'!$L$2:$L$501,"外人(決済)")+COUNTIFS('全体集計(入力)触るな(大阪)'!$M$2:$M$501,$B30,'全体集計(入力)触るな(大阪)'!$L$2:$L$501,"外人(非決済)")) -> 0 | G30: =IF($B30="","",COUNTIFS('全体集計(入力)触るな(大阪)'!$M$2:$M$501,$B30,'全体集計(入力)触るな(大阪)'!$Q$2:$Q$501,"OK")) -> 0 | H30: =IF($B30="","",COUNTIFS('全体集計(入力)触るな(大阪)'!$M$2:$M$501,$B30,'全体集計(入力)触るな(大阪)'!$L$2:$L$501,"決済",'全体集計(入力)触るな(大阪)'!$Q$2:$Q$501,"OK")+COUNTIFS('全体集計(入力)触るな(大阪)'!$M$2:$M$501,$B30,'全体集計(入力)触るな(大阪)'!$L$2:$L$501,"外人(決済)",'全体集計(入力)触るな(大阪)'!$Q$2:$Q$501,"OK")) -> 0 | I30: =IF($B30="","",COUNTIFS('全体集計(入力)触るな(大阪)'!$M$2:$M$501,$B30,'全体集計(入力)触るな(大阪)'!$Q$2:$Q$501,"NG")) -> 0 | J30: =IF($B30="","",COUNTIFS('全体集計(入力)触るな(大阪)'!$M$2:$M$501,$B30,'全体集計(入力)触るな(大阪)'!$V$2:$V$501,"リスケ")) -> 0 | K30: =IF($B30="","",COUNTIFS('全体集計(入力)触るな(大阪)'!$M$2:$M$501,$B30,'全体集計(入力)触るな(大阪)'!$W$2:$W$501,"有効商談")+COUNTIFS('全体集計(入力)触るな(大阪)'!$M$2:$M$501,$B30,'全体集計(入力)触るな(大阪)'!$W$2:$W$501,"無効商談")) -> 0 | L30: =IF($B30="","",COUNTIFS('全体集計(入力)触るな(大阪)'!$M$2:$M$501,$B30,'全体集計(入力)触るな(大阪)'!$W$2:$W$501,"有効商談")) -> 0 | M30: =IF($B30="","",COUNTIFS('全体集計(入力)触るな(大阪)'!$M$2:$M$501,$B30,'全体集計(入力)触るな(大阪)'!$W$2:$W$501,"無効商談")) -> 0 | N30: =IF($B30="","",COUNTIFS('全体集計(入力)触るな(大阪)'!$M$2:$M$501,$B30,'全体集計(入力)触るな(大阪)'!$AF$2:$AF$501,"商談キャンセル")) -> 0 | O30: =IF($B30="","",COUNTIFS('全体集計(入力)触るな(大阪)'!$M$2:$M$501,$B30,'全体集計(入力)触るな(大阪)'!$Z$2:$Z$501,"決済者")) -> 0 | P30: =IF($B30="","",COUNTIFS('全体集計(入力)触るな(大阪)'!$M$2:$M$501,$B30,'全体集計(入力)触るな(大阪)'!$AF$2:$AF$501,"失注")) -> 0 | Q30: =IF($B30="","",COUNTIFS('全体集計(入力)触るな(大阪)'!$M$2:$M$501,$B30,'全体集計(入力)触るな(大阪)'!$W$2:$W$501,"有効商談",'全体集計(入力)触るな(大阪)'!$AF$2:$AF$501,"失注")) -> 0 | R30: =IF($B30="","",COUNTIFS('全体集計(入力)触るな(大阪)'!$M$2:$M$501,$B30,'全体集計(入力)触るな(大阪)'!$W$2:$W$501,"有効商談",'全体集計(入力)触るな(大阪)'!$X$2:$X$501,"検討")) -> 0 | S30: =IF($B30="","",COUNTIFS('全体集計(入力)触るな(大阪)'!$M$2:$M$501,$B30,'全体集計(入力)触るな(大阪)'!$AF$2:$AF$501,"受注")) -> 0 | T30: =IF($B30="","",COUNTIFS('全体集計(入力)触るな(大阪)'!$M$2:$M$501,$B30,'全体集計(入力)触るな(大阪)'!$AC$2:$AC$501,"⚪︎")) -> 0 | U30: =IF($B30="","",SUMIFS('全体集計(入力)触るな(大阪)'!$AD$2:$AD$501,'全体集計(入力)触るな(大阪)'!$M$2:$M$501,$B30,'全体集計(入力)触るな(大阪)'!$AF$2:$AF$501,"受注")) -> 0 | V30: =IF($B30="","",INT(U30/10000)) -> 0 | W30: =IF($B30="","",SUMIFS(シフト入力!$N$2:$N$1501,シフト入力!$B$2:$B$1501,$B30,シフト入力!$A$2:$A$1501,"<="&TODAY())) -> 0 | X30: =IF($B30="","",IFERROR(C30/W30,0)) -> 0 | Y30: =IF($B30="","",IFERROR(G30/C30,0)) -> 0 | Z30: =IF($B30="","",IFERROR(S30/C30,0)) -> 0
B31: =IF(INDEX(マスタ!$A$2:$A$60,15)="","",INDEX(マスタ!$A$2:$A$60,15)) -> 浅妻 | C31: =IF($B31="","",COUNTIFS('全体集計(入力)触るな(大阪)'!$M$2:$M$501,$B31,'全体集計(入力)触るな(大阪)'!$L$2:$L$501,"<>")) -> 0 | D31: =IF($B31="","",COUNTIFS('全体集計(入力)触るな(大阪)'!$M$2:$M$501,$B31,'全体集計(入力)触るな(大阪)'!$L$2:$L$501,"決済")+COUNTIFS('全体集計(入力)触るな(大阪)'!$M$2:$M$501,$B31,'全体集計(入力)触るな(大阪)'!$L$2:$L$501,"外人(決済)")) -> 0 | E31: =IF($B31="","",COUNTIFS('全体集計(入力)触るな(大阪)'!$M$2:$M$501,$B31,'全体集計(入力)触るな(大阪)'!$L$2:$L$501,"非決済")+COUNTIFS('全体集計(入力)触るな(大阪)'!$M$2:$M$501,$B31,'全体集計(入力)触るな(大阪)'!$L$2:$L$501,"外人(非決済)")) -> 0 | F31: =IF($B31="","",COUNTIFS('全体集計(入力)触るな(大阪)'!$M$2:$M$501,$B31,'全体集計(入力)触るな(大阪)'!$L$2:$L$501,"外人(決済)")+COUNTIFS('全体集計(入力)触るな(大阪)'!$M$2:$M$501,$B31,'全体集計(入力)触るな(大阪)'!$L$2:$L$501,"外人(非決済)")) -> 0 | G31: =IF($B31="","",COUNTIFS('全体集計(入力)触るな(大阪)'!$M$2:$M$501,$B31,'全体集計(入力)触るな(大阪)'!$Q$2:$Q$501,"OK")) -> 0 | H31: =IF($B31="","",COUNTIFS('全体集計(入力)触るな(大阪)'!$M$2:$M$501,$B31,'全体集計(入力)触るな(大阪)'!$L$2:$L$501,"決済",'全体集計(入力)触るな(大阪)'!$Q$2:$Q$501,"OK")+COUNTIFS('全体集計(入力)触るな(大阪)'!$M$2:$M$501,$B31,'全体集計(入力)触るな(大阪)'!$L$2:$L$501,"外人(決済)",'全体集計(入力)触るな(大阪)'!$Q$2:$Q$501,"OK")) -> 0 | I31: =IF($B31="","",COUNTIFS('全体集計(入力)触るな(大阪)'!$M$2:$M$501,$B31,'全体集計(入力)触るな(大阪)'!$Q$2:$Q$501,"NG")) -> 0 | J31: =IF($B31="","",COUNTIFS('全体集計(入力)触るな(大阪)'!$M$2:$M$501,$B31,'全体集計(入力)触るな(大阪)'!$V$2:$V$501,"リスケ")) -> 0 | K31: =IF($B31="","",COUNTIFS('全体集計(入力)触るな(大阪)'!$M$2:$M$501,$B31,'全体集計(入力)触るな(大阪)'!$W$2:$W$501,"有効商談")+COUNTIFS('全体集計(入力)触るな(大阪)'!$M$2:$M$501,$B31,'全体集計(入力)触るな(大阪)'!$W$2:$W$501,"無効商談")) -> 0 | L31: =IF($B31="","",COUNTIFS('全体集計(入力)触るな(大阪)'!$M$2:$M$501,$B31,'全体集計(入力)触るな(大阪)'!$W$2:$W$501,"有効商談")) -> 0 | M31: =IF($B31="","",COUNTIFS('全体集計(入力)触るな(大阪)'!$M$2:$M$501,$B31,'全体集計(入力)触るな(大阪)'!$W$2:$W$501,"無効商談")) -> 0 | N31: =IF($B31="","",COUNTIFS('全体集計(入力)触るな(大阪)'!$M$2:$M$501,$B31,'全体集計(入力)触るな(大阪)'!$AF$2:$AF$501,"商談キャンセル")) -> 0 | O31: =IF($B31="","",COUNTIFS('全体集計(入力)触るな(大阪)'!$M$2:$M$501,$B31,'全体集計(入力)触るな(大阪)'!$Z$2:$Z$501,"決済者")) -> 0 | P31: =IF($B31="","",COUNTIFS('全体集計(入力)触るな(大阪)'!$M$2:$M$501,$B31,'全体集計(入力)触るな(大阪)'!$AF$2:$AF$501,"失注")) -> 0 | Q31: =IF($B31="","",COUNTIFS('全体集計(入力)触るな(大阪)'!$M$2:$M$501,$B31,'全体集計(入力)触るな(大阪)'!$W$2:$W$501,"有効商談",'全体集計(入力)触るな(大阪)'!$AF$2:$AF$501,"失注")) -> 0 | R31: =IF($B31="","",COUNTIFS('全体集計(入力)触るな(大阪)'!$M$2:$M$501,$B31,'全体集計(入力)触るな(大阪)'!$W$2:$W$501,"有効商談",'全体集計(入力)触るな(大阪)'!$X$2:$X$501,"検討")) -> 0 | S31: =IF($B31="","",COUNTIFS('全体集計(入力)触るな(大阪)'!$M$2:$M$501,$B31,'全体集計(入力)触るな(大阪)'!$AF$2:$AF$501,"受注")) -> 0 | T31: =IF($B31="","",COUNTIFS('全体集計(入力)触るな(大阪)'!$M$2:$M$501,$B31,'全体集計(入力)触るな(大阪)'!$AC$2:$AC$501,"⚪︎")) -> 0 | U31: =IF($B31="","",SUMIFS('全体集計(入力)触るな(大阪)'!$AD$2:$AD$501,'全体集計(入力)触るな(大阪)'!$M$2:$M$501,$B31,'全体集計(入力)触るな(大阪)'!$AF$2:$AF$501,"受注")) -> 0 | V31: =IF($B31="","",INT(U31/10000)) -> 0 | W31: =IF($B31="","",SUMIFS(シフト入力!$N$2:$N$1501,シフト入力!$B$2:$B$1501,$B31,シフト入力!$A$2:$A$1501,"<="&TODAY())) -> 0 | X31: =IF($B31="","",IFERROR(C31/W31,0)) -> 0 | Y31: =IF($B31="","",IFERROR(G31/C31,0)) -> 0 | Z31: =IF($B31="","",IFERROR(S31/C31,0)) -> 0
B34: クローザー担当別数値（大阪のアポ経由。自アポ込みの売上・順位は「クローザーサマリー」）
B35: 担当者 | C35: 商談割り当て | D35: リスケ | E35: 商談実行 | F35: 無効商談 | G35: 商談キャンセル | H35: 有効商談(決済) | I35: 有効商談(非決) | J35: 決済者 | K35: 非決済 | L35: 外人 | M35: 失注 | N35: 検討 | O35: 受注 | P35: 合計獲得プラン | Q35: 平均獲得プラン | R35: リスケ率 | S35: 商談実行率 | T35: 有効商談率 | U35: 決済率 | V35: 失注率 | W35: 受注率 | X35: 決済受注率
B36: =IF(INDEX(マスタ!$D$2:$D$60,1)="","",INDEX(マスタ!$D$2:$D$60,1)) -> 石山 | C36: =IF($B36="","",COUNTIFS('全体集計(入力)触るな(大阪)'!$U$2:$U$501,$B36)) -> 0 | D36: =IF($B36="","",COUNTIFS('全体集計(入力)触るな(大阪)'!$U$2:$U$501,$B36,'全体集計(入力)触るな(大阪)'!$V$2:$V$501,"リスケ")) -> 0 | E36: =IF($B36="","",COUNTIFS('全体集計(入力)触るな(大阪)'!$U$2:$U$501,$B36,'全体集計(入力)触るな(大阪)'!$W$2:$W$501,"有効商談")+COUNTIFS('全体集計(入力)触るな(大阪)'!$U$2:$U$501,$B36,'全体集計(入力)触るな(大阪)'!$W$2:$W$501,"無効商談")) -> 0 | F36: =IF($B36="","",COUNTIFS('全体集計(入力)触るな(大阪)'!$U$2:$U$501,$B36,'全体集計(入力)触るな(大阪)'!$W$2:$W$501,"無効商談")) -> 0 | G36: =IF($B36="","",COUNTIFS('全体集計(入力)触るな(大阪)'!$U$2:$U$501,$B36,'全体集計(入力)触るな(大阪)'!$AF$2:$AF$501,"商談キャンセル")) -> 0 | H36: =IF($B36="","",COUNTIFS('全体集計(入力)触るな(大阪)'!$U$2:$U$501,$B36,'全体集計(入力)触るな(大阪)'!$W$2:$W$501,"有効商談",'全体集計(入力)触るな(大阪)'!$Z$2:$Z$501,"決済者")) -> 0 | I36: =IF($B36="","",COUNTIFS('全体集計(入力)触るな(大阪)'!$U$2:$U$501,$B36,'全体集計(入力)触るな(大阪)'!$W$2:$W$501,"有効商談",'全体集計(入力)触るな(大阪)'!$Z$2:$Z$501,"非決済")) -> 0 | J36: =IF($B36="","",COUNTIFS('全体集計(入力)触るな(大阪)'!$U$2:$U$501,$B36,'全体集計(入力)触るな(大阪)'!$Z$2:$Z$501,"決済者")) -> 0 | K36: =IF($B36="","",COUNTIFS('全体集計(入力)触るな(大阪)'!$U$2:$U$501,$B36,'全体集計(入力)触るな(大阪)'!$Z$2:$Z$501,"非決済")) -> 0 | L36: =IF($B36="","",COUNTIFS('全体集計(入力)触るな(大阪)'!$U$2:$U$501,$B36,'全体集計(入力)触るな(大阪)'!$AG$2:$AG$501,"外人")) -> 0 | M36: =IF($B36="","",COUNTIFS('全体集計(入力)触るな(大阪)'!$U$2:$U$501,$B36,'全体集計(入力)触るな(大阪)'!$AF$2:$AF$501,"失注")) -> 0 | N36: =IF($B36="","",COUNTIFS('全体集計(入力)触るな(大阪)'!$U$2:$U$501,$B36,'全体集計(入力)触るな(大阪)'!$X$2:$X$501,"検討")) -> 0 | O36: =IF($B36="","",COUNTIFS('全体集計(入力)触るな(大阪)'!$U$2:$U$501,$B36,'全体集計(入力)触るな(大阪)'!$AF$2:$AF$501,"受注")) -> 0 | P36: =IF($B36="","",SUMIFS('全体集計(入力)触るな(大阪)'!$AD$2:$AD$501,'全体集計(入力)触るな(大阪)'!$U$2:$U$501,$B36,'全体集計(入力)触るな(大阪)'!$AF$2:$AF$501,"受注")) -> 0 | Q36: =IF($B36="","",IFERROR(P36/O36,0)) -> 0 | R36: =IF($B36="","",IFERROR(D36/C36,0)) -> 0 | S36: =IF($B36="","",IFERROR(E36/C36,0)) -> 0 | T36: =IF($B36="","",IFERROR((H36+I36)/E36,0)) -> 0 | U36: =IF($B36="","",IFERROR(J36/E36,0)) -> 0 | V36: =IF($B36="","",IFERROR(M36/E36,0)) -> 0 | W36: =IF($B36="","",IFERROR(O36/E36,0)) -> 0 | X36: =IF($B36="","",IFERROR(O36/J36,0)) -> 0
B37: =IF(INDEX(マスタ!$D$2:$D$60,2)="","",INDEX(マスタ!$D$2:$D$60,2)) -> 荻野 | C37: =IF($B37="","",COUNTIFS('全体集計(入力)触るな(大阪)'!$U$2:$U$501,$B37)) -> 0 | D37: =IF($B37="","",COUNTIFS('全体集計(入力)触るな(大阪)'!$U$2:$U$501,$B37,'全体集計(入力)触るな(大阪)'!$V$2:$V$501,"リスケ")) -> 0 | E37: =IF($B37="","",COUNTIFS('全体集計(入力)触るな(大阪)'!$U$2:$U$501,$B37,'全体集計(入力)触るな(大阪)'!$W$2:$W$501,"有効商談")+COUNTIFS('全体集計(入力)触るな(大阪)'!$U$2:$U$501,$B37,'全体集計(入力)触るな(大阪)'!$W$2:$W$501,"無効商談")) -> 0 | F37: =IF($B37="","",COUNTIFS('全体集計(入力)触るな(大阪)'!$U$2:$U$501,$B37,'全体集計(入力)触るな(大阪)'!$W$2:$W$501,"無効商談")) -> 0 | G37: =IF($B37="","",COUNTIFS('全体集計(入力)触るな(大阪)'!$U$2:$U$501,$B37,'全体集計(入力)触るな(大阪)'!$AF$2:$AF$501,"商談キャンセル")) -> 0 | H37: =IF($B37="","",COUNTIFS('全体集計(入力)触るな(大阪)'!$U$2:$U$501,$B37,'全体集計(入力)触るな(大阪)'!$W$2:$W$501,"有効商談",'全体集計(入力)触るな(大阪)'!$Z$2:$Z$501,"決済者")) -> 0 | I37: =IF($B37="","",COUNTIFS('全体集計(入力)触るな(大阪)'!$U$2:$U$501,$B37,'全体集計(入力)触るな(大阪)'!$W$2:$W$501,"有効商談",'全体集計(入力)触るな(大阪)'!$Z$2:$Z$501,"非決済")) -> 0 | J37: =IF($B37="","",COUNTIFS('全体集計(入力)触るな(大阪)'!$U$2:$U$501,$B37,'全体集計(入力)触るな(大阪)'!$Z$2:$Z$501,"決済者")) -> 0 | K37: =IF($B37="","",COUNTIFS('全体集計(入力)触るな(大阪)'!$U$2:$U$501,$B37,'全体集計(入力)触るな(大阪)'!$Z$2:$Z$501,"非決済")) -> 0 | L37: =IF($B37="","",COUNTIFS('全体集計(入力)触るな(大阪)'!$U$2:$U$501,$B37,'全体集計(入力)触るな(大阪)'!$AG$2:$AG$501,"外人")) -> 0 | M37: =IF($B37="","",COUNTIFS('全体集計(入力)触るな(大阪)'!$U$2:$U$501,$B37,'全体集計(入力)触るな(大阪)'!$AF$2:$AF$501,"失注")) -> 0 | N37: =IF($B37="","",COUNTIFS('全体集計(入力)触るな(大阪)'!$U$2:$U$501,$B37,'全体集計(入力)触るな(大阪)'!$X$2:$X$501,"検討")) -> 0 | O37: =IF($B37="","",COUNTIFS('全体集計(入力)触るな(大阪)'!$U$2:$U$501,$B37,'全体集計(入力)触るな(大阪)'!$AF$2:$AF$501,"受注")) -> 0 | P37: =IF($B37="","",SUMIFS('全体集計(入力)触るな(大阪)'!$AD$2:$AD$501,'全体集計(入力)触るな(大阪)'!$U$2:$U$501,$B37,'全体集計(入力)触るな(大阪)'!$AF$2:$AF$501,"受注")) -> 0 | Q37: =IF($B37="","",IFERROR(P37/O37,0)) -> 0 | R37: =IF($B37="","",IFERROR(D37/C37,0)) -> 0 | S37: =IF($B37="","",IFERROR(E37/C37,0)) -> 0 | T37: =IF($B37="","",IFERROR((H37+I37)/E37,0)) -> 0 | U37: =IF($B37="","",IFERROR(J37/E37,0)) -> 0 | V37: =IF($B37="","",IFERROR(M37/E37,0)) -> 0 | W37: =IF($B37="","",IFERROR(O37/E37,0)) -> 0 | X37: =IF($B37="","",IFERROR(O37/J37,0)) -> 0
B38: =IF(INDEX(マスタ!$D$2:$D$60,3)="","",INDEX(マスタ!$D$2:$D$60,3)) -> 吉村 | C38: =IF($B38="","",COUNTIFS('全体集計(入力)触るな(大阪)'!$U$2:$U$501,$B38)) -> 0 | D38: =IF($B38="","",COUNTIFS('全体集計(入力)触るな(大阪)'!$U$2:$U$501,$B38,'全体集計(入力)触るな(大阪)'!$V$2:$V$501,"リスケ")) -> 0 | E38: =IF($B38="","",COUNTIFS('全体集計(入力)触るな(大阪)'!$U$2:$U$501,$B38,'全体集計(入力)触るな(大阪)'!$W$2:$W$501,"有効商談")+COUNTIFS('全体集計(入力)触るな(大阪)'!$U$2:$U$501,$B38,'全体集計(入力)触るな(大阪)'!$W$2:$W$501,"無効商談")) -> 0 | F38: =IF($B38="","",COUNTIFS('全体集計(入力)触るな(大阪)'!$U$2:$U$501,$B38,'全体集計(入力)触るな(大阪)'!$W$2:$W$501,"無効商談")) -> 0 | G38: =IF($B38="","",COUNTIFS('全体集計(入力)触るな(大阪)'!$U$2:$U$501,$B38,'全体集計(入力)触るな(大阪)'!$AF$2:$AF$501,"商談キャンセル")) -> 0 | H38: =IF($B38="","",COUNTIFS('全体集計(入力)触るな(大阪)'!$U$2:$U$501,$B38,'全体集計(入力)触るな(大阪)'!$W$2:$W$501,"有効商談",'全体集計(入力)触るな(大阪)'!$Z$2:$Z$501,"決済者")) -> 0 | I38: =IF($B38="","",COUNTIFS('全体集計(入力)触るな(大阪)'!$U$2:$U$501,$B38,'全体集計(入力)触るな(大阪)'!$W$2:$W$501,"有効商談",'全体集計(入力)触るな(大阪)'!$Z$2:$Z$501,"非決済")) -> 0 | J38: =IF($B38="","",COUNTIFS('全体集計(入力)触るな(大阪)'!$U$2:$U$501,$B38,'全体集計(入力)触るな(大阪)'!$Z$2:$Z$501,"決済者")) -> 0 | K38: =IF($B38="","",COUNTIFS('全体集計(入力)触るな(大阪)'!$U$2:$U$501,$B38,'全体集計(入力)触るな(大阪)'!$Z$2:$Z$501,"非決済")) -> 0 | L38: =IF($B38="","",COUNTIFS('全体集計(入力)触るな(大阪)'!$U$2:$U$501,$B38,'全体集計(入力)触るな(大阪)'!$AG$2:$AG$501,"外人")) -> 0 | M38: =IF($B38="","",COUNTIFS('全体集計(入力)触るな(大阪)'!$U$2:$U$501,$B38,'全体集計(入力)触るな(大阪)'!$AF$2:$AF$501,"失注")) -> 0 | N38: =IF($B38="","",COUNTIFS('全体集計(入力)触るな(大阪)'!$U$2:$U$501,$B38,'全体集計(入力)触るな(大阪)'!$X$2:$X$501,"検討")) -> 0 | O38: =IF($B38="","",COUNTIFS('全体集計(入力)触るな(大阪)'!$U$2:$U$501,$B38,'全体集計(入力)触るな(大阪)'!$AF$2:$AF$501,"受注")) -> 0 | P38: =IF($B38="","",SUMIFS('全体集計(入力)触るな(大阪)'!$AD$2:$AD$501,'全体集計(入力)触るな(大阪)'!$U$2:$U$501,$B38,'全体集計(入力)触るな(大阪)'!$AF$2:$AF$501,"受注")) -> 0 | Q38: =IF($B38="","",IFERROR(P38/O38,0)) -> 0 | R38: =IF($B38="","",IFERROR(D38/C38,0)) -> 0 | S38: =IF($B38="","",IFERROR(E38/C38,0)) -> 0 | T38: =IF($B38="","",IFERROR((H38+I38)/E38,0)) -> 0 | U38: =IF($B38="","",IFERROR(J38/E38,0)) -> 0 | V38: =IF($B38="","",IFERROR(M38/E38,0)) -> 0 | W38: =IF($B38="","",IFERROR(O38/E38,0)) -> 0 | X38: =IF($B38="","",IFERROR(O38/J38,0)) -> 0
B39: =IF(INDEX(マスタ!$D$2:$D$60,4)="","",INDEX(マスタ!$D$2:$D$60,4)) -> 篠原 | C39: =IF($B39="","",COUNTIFS('全体集計(入力)触るな(大阪)'!$U$2:$U$501,$B39)) -> 0 | D39: =IF($B39="","",COUNTIFS('全体集計(入力)触るな(大阪)'!$U$2:$U$501,$B39,'全体集計(入力)触るな(大阪)'!$V$2:$V$501,"リスケ")) -> 0 | E39: =IF($B39="","",COUNTIFS('全体集計(入力)触るな(大阪)'!$U$2:$U$501,$B39,'全体集計(入力)触るな(大阪)'!$W$2:$W$501,"有効商談")+COUNTIFS('全体集計(入力)触るな(大阪)'!$U$2:$U$501,$B39,'全体集計(入力)触るな(大阪)'!$W$2:$W$501,"無効商談")) -> 0 | F39: =IF($B39="","",COUNTIFS('全体集計(入力)触るな(大阪)'!$U$2:$U$501,$B39,'全体集計(入力)触るな(大阪)'!$W$2:$W$501,"無効商談")) -> 0 | G39: =IF($B39="","",COUNTIFS('全体集計(入力)触るな(大阪)'!$U$2:$U$501,$B39,'全体集計(入力)触るな(大阪)'!$AF$2:$AF$501,"商談キャンセル")) -> 0 | H39: =IF($B39="","",COUNTIFS('全体集計(入力)触るな(大阪)'!$U$2:$U$501,$B39,'全体集計(入力)触るな(大阪)'!$W$2:$W$501,"有効商談",'全体集計(入力)触るな(大阪)'!$Z$2:$Z$501,"決済者")) -> 0 | I39: =IF($B39="","",COUNTIFS('全体集計(入力)触るな(大阪)'!$U$2:$U$501,$B39,'全体集計(入力)触るな(大阪)'!$W$2:$W$501,"有効商談",'全体集計(入力)触るな(大阪)'!$Z$2:$Z$501,"非決済")) -> 0 | J39: =IF($B39="","",COUNTIFS('全体集計(入力)触るな(大阪)'!$U$2:$U$501,$B39,'全体集計(入力)触るな(大阪)'!$Z$2:$Z$501,"決済者")) -> 0 | K39: =IF($B39="","",COUNTIFS('全体集計(入力)触るな(大阪)'!$U$2:$U$501,$B39,'全体集計(入力)触るな(大阪)'!$Z$2:$Z$501,"非決済")) -> 0 | L39: =IF($B39="","",COUNTIFS('全体集計(入力)触るな(大阪)'!$U$2:$U$501,$B39,'全体集計(入力)触るな(大阪)'!$AG$2:$AG$501,"外人")) -> 0 | M39: =IF($B39="","",COUNTIFS('全体集計(入力)触るな(大阪)'!$U$2:$U$501,$B39,'全体集計(入力)触るな(大阪)'!$AF$2:$AF$501,"失注")) -> 0 | N39: =IF($B39="","",COUNTIFS('全体集計(入力)触るな(大阪)'!$U$2:$U$501,$B39,'全体集計(入力)触るな(大阪)'!$X$2:$X$501,"検討")) -> 0 | O39: =IF($B39="","",COUNTIFS('全体集計(入力)触るな(大阪)'!$U$2:$U$501,$B39,'全体集計(入力)触るな(大阪)'!$AF$2:$AF$501,"受注")) -> 0 | P39: =IF($B39="","",SUMIFS('全体集計(入力)触るな(大阪)'!$AD$2:$AD$501,'全体集計(入力)触るな(大阪)'!$U$2:$U$501,$B39,'全体集計(入力)触るな(大阪)'!$AF$2:$AF$501,"受注")) -> 0 | Q39: =IF($B39="","",IFERROR(P39/O39,0)) -> 0 | R39: =IF($B39="","",IFERROR(D39/C39,0)) -> 0 | S39: =IF($B39="","",IFERROR(E39/C39,0)) -> 0 | T39: =IF($B39="","",IFERROR((H39+I39)/E39,0)) -> 0 | U39: =IF($B39="","",IFERROR(J39/E39,0)) -> 0 | V39: =IF($B39="","",IFERROR(M39/E39,0)) -> 0 | W39: =IF($B39="","",IFERROR(O39/E39,0)) -> 0 | X39: =IF($B39="","",IFERROR(O39/J39,0)) -> 0
B40: =IF(INDEX(マスタ!$D$2:$D$60,5)="","",INDEX(マスタ!$D$2:$D$60,5)) | C40: =IF($B40="","",COUNTIFS('全体集計(入力)触るな(大阪)'!$U$2:$U$501,$B40)) | D40: =IF($B40="","",COUNTIFS('全体集計(入力)触るな(大阪)'!$U$2:$U$501,$B40,'全体集計(入力)触るな(大阪)'!$V$2:$V$501,"リスケ")) | E40: =IF($B40="","",COUNTIFS('全体集計(入力)触るな(大阪)'!$U$2:$U$501,$B40,'全体集計(入力)触るな(大阪)'!$W$2:$W$501,"有効商談")+COUNTIFS('全体集計(入力)触るな(大阪)'!$U$2:$U$501,$B40,'全体集計(入力)触るな(大阪)'!$W$2:$W$501,"無効商談")) | F40: =IF($B40="","",COUNTIFS('全体集計(入力)触るな(大阪)'!$U$2:$U$501,$B40,'全体集計(入力)触るな(大阪)'!$W$2:$W$501,"無効商談")) | G40: =IF($B40="","",COUNTIFS('全体集計(入力)触るな(大阪)'!$U$2:$U$501,$B40,'全体集計(入力)触るな(大阪)'!$AF$2:$AF$501,"商談キャンセル")) | H40: =IF($B40="","",COUNTIFS('全体集計(入力)触るな(大阪)'!$U$2:$U$501,$B40,'全体集計(入力)触るな(大阪)'!$W$2:$W$501,"有効商談",'全体集計(入力)触るな(大阪)'!$Z$2:$Z$501,"決済者")) | I40: =IF($B40="","",COUNTIFS('全体集計(入力)触るな(大阪)'!$U$2:$U$501,$B40,'全体集計(入力)触るな(大阪)'!$W$2:$W$501,"有効商談",'全体集計(入力)触るな(大阪)'!$Z$2:$Z$501,"非決済")) | J40: =IF($B40="","",COUNTIFS('全体集計(入力)触るな(大阪)'!$U$2:$U$501,$B40,'全体集計(入力)触るな(大阪)'!$Z$2:$Z$501,"決済者")) | K40: =IF($B40="","",COUNTIFS('全体集計(入力)触るな(大阪)'!$U$2:$U$501,$B40,'全体集計(入力)触るな(大阪)'!$Z$2:$Z$501,"非決済")) | L40: =IF($B40="","",COUNTIFS('全体集計(入力)触るな(大阪)'!$U$2:$U$501,$B40,'全体集計(入力)触るな(大阪)'!$AG$2:$AG$501,"外人")) | M40: =IF($B40="","",COUNTIFS('全体集計(入力)触るな(大阪)'!$U$2:$U$501,$B40,'全体集計(入力)触るな(大阪)'!$AF$2:$AF$501,"失注")) | N40: =IF($B40="","",COUNTIFS('全体集計(入力)触るな(大阪)'!$U$2:$U$501,$B40,'全体集計(入力)触るな(大阪)'!$X$2:$X$501,"検討")) | O40: =IF($B40="","",COUNTIFS('全体集計(入力)触るな(大阪)'!$U$2:$U$501,$B40,'全体集計(入力)触るな(大阪)'!$AF$2:$AF$501,"受注")) | P40: =IF($B40="","",SUMIFS('全体集計(入力)触るな(大阪)'!$AD$2:$AD$501,'全体集計(入力)触るな(大阪)'!$U$2:$U$501,$B40,'全体集計(入力)触るな(大阪)'!$AF$2:$AF$501,"受注")) | Q40: =IF($B40="","",IFERROR(P40/O40,0)) | R40: =IF($B40="","",IFERROR(D40/C40,0)) | S40: =IF($B40="","",IFERROR(E40/C40,0)) | T40: =IF($B40="","",IFERROR((H40+I40)/E40,0)) | U40: =IF($B40="","",IFERROR(J40/E40,0)) | V40: =IF($B40="","",IFERROR(M40/E40,0)) | W40: =IF($B40="","",IFERROR(O40/E40,0)) | X40: =IF($B40="","",IFERROR(O40/J40,0))
B41: =IF(INDEX(マスタ!$D$2:$D$60,6)="","",INDEX(マスタ!$D$2:$D$60,6)) | C41: =IF($B41="","",COUNTIFS('全体集計(入力)触るな(大阪)'!$U$2:$U$501,$B41)) | D41: =IF($B41="","",COUNTIFS('全体集計(入力)触るな(大阪)'!$U$2:$U$501,$B41,'全体集計(入力)触るな(大阪)'!$V$2:$V$501,"リスケ")) | E41: =IF($B41="","",COUNTIFS('全体集計(入力)触るな(大阪)'!$U$2:$U$501,$B41,'全体集計(入力)触るな(大阪)'!$W$2:$W$501,"有効商談")+COUNTIFS('全体集計(入力)触るな(大阪)'!$U$2:$U$501,$B41,'全体集計(入力)触るな(大阪)'!$W$2:$W$501,"無効商談")) | F41: =IF($B41="","",COUNTIFS('全体集計(入力)触るな(大阪)'!$U$2:$U$501,$B41,'全体集計(入力)触るな(大阪)'!$W$2:$W$501,"無効商談")) | G41: =IF($B41="","",COUNTIFS('全体集計(入力)触るな(大阪)'!$U$2:$U$501,$B41,'全体集計(入力)触るな(大阪)'!$AF$2:$AF$501,"商談キャンセル")) | H41: =IF($B41="","",COUNTIFS('全体集計(入力)触るな(大阪)'!$U$2:$U$501,$B41,'全体集計(入力)触るな(大阪)'!$W$2:$W$501,"有効商談",'全体集計(入力)触るな(大阪)'!$Z$2:$Z$501,"決済者")) | I41: =IF($B41="","",COUNTIFS('全体集計(入力)触るな(大阪)'!$U$2:$U$501,$B41,'全体集計(入力)触るな(大阪)'!$W$2:$W$501,"有効商談",'全体集計(入力)触るな(大阪)'!$Z$2:$Z$501,"非決済")) | J41: =IF($B41="","",COUNTIFS('全体集計(入力)触るな(大阪)'!$U$2:$U$501,$B41,'全体集計(入力)触るな(大阪)'!$Z$2:$Z$501,"決済者")) | K41: =IF($B41="","",COUNTIFS('全体集計(入力)触るな(大阪)'!$U$2:$U$501,$B41,'全体集計(入力)触るな(大阪)'!$Z$2:$Z$501,"非決済")) | L41: =IF($B41="","",COUNTIFS('全体集計(入力)触るな(大阪)'!$U$2:$U$501,$B41,'全体集計(入力)触るな(大阪)'!$AG$2:$AG$501,"外人")) | M41: =IF($B41="","",COUNTIFS('全体集計(入力)触るな(大阪)'!$U$2:$U$501,$B41,'全体集計(入力)触るな(大阪)'!$AF$2:$AF$501,"失注")) | N41: =IF($B41="","",COUNTIFS('全体集計(入力)触るな(大阪)'!$U$2:$U$501,$B41,'全体集計(入力)触るな(大阪)'!$X$2:$X$501,"検討")) | O41: =IF($B41="","",COUNTIFS('全体集計(入力)触るな(大阪)'!$U$2:$U$501,$B41,'全体集計(入力)触るな(大阪)'!$AF$2:$AF$501,"受注")) | P41: =IF($B41="","",SUMIFS('全体集計(入力)触るな(大阪)'!$AD$2:$AD$501,'全体集計(入力)触るな(大阪)'!$U$2:$U$501,$B41,'全体集計(入力)触るな(大阪)'!$AF$2:$AF$501,"受注")) | Q41: =IF($B41="","",IFERROR(P41/O41,0)) | R41: =IF($B41="","",IFERROR(D41/C41,0)) | S41: =IF($B41="","",IFERROR(E41/C41,0)) | T41: =IF($B41="","",IFERROR((H41+I41)/E41,0)) | U41: =IF($B41="","",IFERROR(J41/E41,0)) | V41: =IF($B41="","",IFERROR(M41/E41,0)) | W41: =IF($B41="","",IFERROR(O41/E41,0)) | X41: =IF($B41="","",IFERROR(O41/J41,0))
B42: =IF(INDEX(マスタ!$D$2:$D$60,7)="","",INDEX(マスタ!$D$2:$D$60,7)) | C42: =IF($B42="","",COUNTIFS('全体集計(入力)触るな(大阪)'!$U$2:$U$501,$B42)) | D42: =IF($B42="","",COUNTIFS('全体集計(入力)触るな(大阪)'!$U$2:$U$501,$B42,'全体集計(入力)触るな(大阪)'!$V$2:$V$501,"リスケ")) | E42: =IF($B42="","",COUNTIFS('全体集計(入力)触るな(大阪)'!$U$2:$U$501,$B42,'全体集計(入力)触るな(大阪)'!$W$2:$W$501,"有効商談")+COUNTIFS('全体集計(入力)触るな(大阪)'!$U$2:$U$501,$B42,'全体集計(入力)触るな(大阪)'!$W$2:$W$501,"無効商談")) | F42: =IF($B42="","",COUNTIFS('全体集計(入力)触るな(大阪)'!$U$2:$U$501,$B42,'全体集計(入力)触るな(大阪)'!$W$2:$W$501,"無効商談")) | G42: =IF($B42="","",COUNTIFS('全体集計(入力)触るな(大阪)'!$U$2:$U$501,$B42,'全体集計(入力)触るな(大阪)'!$AF$2:$AF$501,"商談キャンセル")) | H42: =IF($B42="","",COUNTIFS('全体集計(入力)触るな(大阪)'!$U$2:$U$501,$B42,'全体集計(入力)触るな(大阪)'!$W$2:$W$501,"有効商談",'全体集計(入力)触るな(大阪)'!$Z$2:$Z$501,"決済者")) | I42: =IF($B42="","",COUNTIFS('全体集計(入力)触るな(大阪)'!$U$2:$U$501,$B42,'全体集計(入力)触るな(大阪)'!$W$2:$W$501,"有効商談",'全体集計(入力)触るな(大阪)'!$Z$2:$Z$501,"非決済")) | J42: =IF($B42="","",COUNTIFS('全体集計(入力)触るな(大阪)'!$U$2:$U$501,$B42,'全体集計(入力)触るな(大阪)'!$Z$2:$Z$501,"決済者")) | K42: =IF($B42="","",COUNTIFS('全体集計(入力)触るな(大阪)'!$U$2:$U$501,$B42,'全体集計(入力)触るな(大阪)'!$Z$2:$Z$501,"非決済")) | L42: =IF($B42="","",COUNTIFS('全体集計(入力)触るな(大阪)'!$U$2:$U$501,$B42,'全体集計(入力)触るな(大阪)'!$AG$2:$AG$501,"外人")) | M42: =IF($B42="","",COUNTIFS('全体集計(入力)触るな(大阪)'!$U$2:$U$501,$B42,'全体集計(入力)触るな(大阪)'!$AF$2:$AF$501,"失注")) | N42: =IF($B42="","",COUNTIFS('全体集計(入力)触るな(大阪)'!$U$2:$U$501,$B42,'全体集計(入力)触るな(大阪)'!$X$2:$X$501,"検討")) | O42: =IF($B42="","",COUNTIFS('全体集計(入力)触るな(大阪)'!$U$2:$U$501,$B42,'全体集計(入力)触るな(大阪)'!$AF$2:$AF$501,"受注")) | P42: =IF($B42="","",SUMIFS('全体集計(入力)触るな(大阪)'!$AD$2:$AD$501,'全体集計(入力)触るな(大阪)'!$U$2:$U$501,$B42,'全体集計(入力)触るな(大阪)'!$AF$2:$AF$501,"受注")) | Q42: =IF($B42="","",IFERROR(P42/O42,0)) | R42: =IF($B42="","",IFERROR(D42/C42,0)) | S42: =IF($B42="","",IFERROR(E42/C42,0)) | T42: =IF($B42="","",IFERROR((H42+I42)/E42,0)) | U42: =IF($B42="","",IFERROR(J42/E42,0)) | V42: =IF($B42="","",IFERROR(M42/E42,0)) | W42: =IF($B42="","",IFERROR(O42/E42,0)) | X42: =IF($B42="","",IFERROR(O42/J42,0))
B43: =IF(INDEX(マスタ!$D$2:$D$60,8)="","",INDEX(マスタ!$D$2:$D$60,8)) | C43: =IF($B43="","",COUNTIFS('全体集計(入力)触るな(大阪)'!$U$2:$U$501,$B43)) | D43: =IF($B43="","",COUNTIFS('全体集計(入力)触るな(大阪)'!$U$2:$U$501,$B43,'全体集計(入力)触るな(大阪)'!$V$2:$V$501,"リスケ")) | E43: =IF($B43="","",COUNTIFS('全体集計(入力)触るな(大阪)'!$U$2:$U$501,$B43,'全体集計(入力)触るな(大阪)'!$W$2:$W$501,"有効商談")+COUNTIFS('全体集計(入力)触るな(大阪)'!$U$2:$U$501,$B43,'全体集計(入力)触るな(大阪)'!$W$2:$W$501,"無効商談")) | F43: =IF($B43="","",COUNTIFS('全体集計(入力)触るな(大阪)'!$U$2:$U$501,$B43,'全体集計(入力)触るな(大阪)'!$W$2:$W$501,"無効商談")) | G43: =IF($B43="","",COUNTIFS('全体集計(入力)触るな(大阪)'!$U$2:$U$501,$B43,'全体集計(入力)触るな(大阪)'!$AF$2:$AF$501,"商談キャンセル")) | H43: =IF($B43="","",COUNTIFS('全体集計(入力)触るな(大阪)'!$U$2:$U$501,$B43,'全体集計(入力)触るな(大阪)'!$W$2:$W$501,"有効商談",'全体集計(入力)触るな(大阪)'!$Z$2:$Z$501,"決済者")) | I43: =IF($B43="","",COUNTIFS('全体集計(入力)触るな(大阪)'!$U$2:$U$501,$B43,'全体集計(入力)触るな(大阪)'!$W$2:$W$501,"有効商談",'全体集計(入力)触るな(大阪)'!$Z$2:$Z$501,"非決済")) | J43: =IF($B43="","",COUNTIFS('全体集計(入力)触るな(大阪)'!$U$2:$U$501,$B43,'全体集計(入力)触るな(大阪)'!$Z$2:$Z$501,"決済者")) | K43: =IF($B43="","",COUNTIFS('全体集計(入力)触るな(大阪)'!$U$2:$U$501,$B43,'全体集計(入力)触るな(大阪)'!$Z$2:$Z$501,"非決済")) | L43: =IF($B43="","",COUNTIFS('全体集計(入力)触るな(大阪)'!$U$2:$U$501,$B43,'全体集計(入力)触るな(大阪)'!$AG$2:$AG$501,"外人")) | M43: =IF($B43="","",COUNTIFS('全体集計(入力)触るな(大阪)'!$U$2:$U$501,$B43,'全体集計(入力)触るな(大阪)'!$AF$2:$AF$501,"失注")) | N43: =IF($B43="","",COUNTIFS('全体集計(入力)触るな(大阪)'!$U$2:$U$501,$B43,'全体集計(入力)触るな(大阪)'!$X$2:$X$501,"検討")) | O43: =IF($B43="","",COUNTIFS('全体集計(入力)触るな(大阪)'!$U$2:$U$501,$B43,'全体集計(入力)触るな(大阪)'!$AF$2:$AF$501,"受注")) | P43: =IF($B43="","",SUMIFS('全体集計(入力)触るな(大阪)'!$AD$2:$AD$501,'全体集計(入力)触るな(大阪)'!$U$2:$U$501,$B43,'全体集計(入力)触るな(大阪)'!$AF$2:$AF$501,"受注")) | Q43: =IF($B43="","",IFERROR(P43/O43,0)) | R43: =IF($B43="","",IFERROR(D43/C43,0)) | S43: =IF($B43="","",IFERROR(E43/C43,0)) | T43: =IF($B43="","",IFERROR((H43+I43)/E43,0)) | U43: =IF($B43="","",IFERROR(J43/E43,0)) | V43: =IF($B43="","",IFERROR(M43/E43,0)) | W43: =IF($B43="","",IFERROR(O43/E43,0)) | X43: =IF($B43="","",IFERROR(O43/J43,0))

Sheet 合計サマリー(京都)
A1: 合計サマリー（京都）
B3: 全体アポ数値
B4: アポ数 | C4: 詰め直しOK数 | D4: 決済詰めOK数 | E4: 詰め直しNG数 | F4: 決済者アポ | G4: 商談キャンセル | H4: リスケ数 | I4: 失注 | J4: 受注 | K4: アポ課金 | L4: 目標件数 | M4: 営業日数 | N4: 日割り目標 | O4: 残り日割り
B5: =COUNTA('全体集計(入力)触るな(京都)'!$L$2:$L$501) -> 0 | C5: =COUNTIF('全体集計(入力)触るな(京都)'!$Q$2:$Q$501,"OK") -> 0 | D5: =(COUNTIFS('全体集計(入力)触るな(京都)'!$L$2:$L$501,"決済",'全体集計(入力)触るな(京都)'!$Q$2:$Q$501,"OK")+COUNTIFS('全体集計(入力)触るな(京都)'!$L$2:$L$501,"外人(決済)",'全体集計(入力)触るな(京都)'!$Q$2:$Q$501,"OK")) -> 0 | E5: =COUNTIF('全体集計(入力)触るな(京都)'!$Q$2:$Q$501,"NG") -> 0 | F5: =(COUNTIF('全体集計(入力)触るな(京都)'!$L$2:$L$501,"決済")+COUNTIF('全体集計(入力)触るな(京都)'!$L$2:$L$501,"外人(決済)")) -> 0 | G5: =COUNTIF('全体集計(入力)触るな(京都)'!$AF$2:$AF$501,"商談キャンセル") -> 0 | H5: =COUNTIF('全体集計(入力)触るな(京都)'!$V$2:$V$501,"リスケ") -> 0 | I5: =COUNTIF('全体集計(入力)触るな(京都)'!$AF$2:$AF$501,"失注") -> 0 | J5: =COUNTIF('全体集計(入力)触るな(京都)'!$AF$2:$AF$501,"受注") -> 0 | K5: =COUNTIF('全体集計(入力)触るな(京都)'!$AC$2:$AC$501,"⚪︎") -> 0 | L5: =設定!$C$13 -> 40 | M5: =設定!$B$6 -> 21 | N5: =IFERROR(設定!$C$13/設定!$B$6,0) -> 1.9047619 | O5: =IFERROR((設定!$C$13-B5)/設定!$B$10,0) -> 1.9047619
B7: 全体商談数値
B8: 商談割り当て数 | C8: 商談実行数 | D8: リスケ数 | E8: 無効商談 | F8: 有効商談 | G8: 決済者 | H8: 非決済 | I8: 失注 | J8: 検討 | K8: 受注 | L8: 外人アポ | M8: 平均獲得プラン
B9: =(COUNTA('全体集計(入力)触るな(京都)'!$U$2:$U$501)-COUNTIF('全体集計(入力)触るな(京都)'!$U$2:$U$501,"事前リスケ")) -> 0 | C9: =(COUNTIF('全体集計(入力)触るな(京都)'!$W$2:$W$501,"有効商談")+COUNTIF('全体集計(入力)触るな(京都)'!$W$2:$W$501,"無効商談")) -> 0 | D9: =COUNTIF('全体集計(入力)触るな(京都)'!$V$2:$V$501,"リスケ") -> 0 | E9: =COUNTIF('全体集計(入力)触るな(京都)'!$W$2:$W$501,"無効商談") -> 0 | F9: =COUNTIF('全体集計(入力)触るな(京都)'!$W$2:$W$501,"有効商談") -> 0 | G9: =COUNTIF('全体集計(入力)触るな(京都)'!$Z$2:$Z$501,"決済者") -> 0 | H9: =COUNTIF('全体集計(入力)触るな(京都)'!$Z$2:$Z$501,"非決済") -> 0 | I9: =COUNTIF('全体集計(入力)触るな(京都)'!$AF$2:$AF$501,"失注") -> 0 | J9: =COUNTIF('全体集計(入力)触るな(京都)'!$X$2:$X$501,"検討") -> 0 | K9: =COUNTIF('全体集計(入力)触るな(京都)'!$AF$2:$AF$501,"受注") -> 0 | L9: =COUNTIF('全体集計(入力)触るな(京都)'!$AG$2:$AG$501,"外人") -> 0 | M9: =IFERROR(AVERAGEIFS('全体集計(入力)触るな(京都)'!$AD$2:$AD$501,'全体集計(入力)触るな(京都)'!$AF$2:$AF$501,"受注"),0) -> 0
B11: 全体の率
B12: 詰め直しOK率 | C12: 決済詰めOK率 | D12: 詰め直しNG率 | E12: 商談実行率 | F12: 無効商談率 | G12: 有効商談率 | H12: リスケ率 | I12: 決済率 | J12: 非決済率 | K12: 失注率 | L12: 受注率 | M12: アポ課金率 | N12: 検討率
B13: =IFERROR(C5/B5,0) -> 0 | C13: =IFERROR(D5/F5,0) -> 0 | D13: =IFERROR(E5/B5,0) -> 0 | E13: =IFERROR(C9/B5,0) -> 0 | F13: =IFERROR(E9/C9,0) -> 0 | G13: =IFERROR(F9/C9,0) -> 0 | H13: =IFERROR(H5/B5,0) -> 0 | I13: =IFERROR(G9/C9,0) -> 0 | J13: =IFERROR(H9/C9,0) -> 0 | K13: =IFERROR(I9/C9,0) -> 0 | L13: =IFERROR(K9/C9,0) -> 0 | M13: =IFERROR(K5/C9,0) -> 0 | N13: =IFERROR(J9/C9,0) -> 0
B15: アポインター担当別数値（インセンティブ：受注した月額1万円につき1P／稼働時間はシフト入力の実際の時間）
B16: 担当者 | C16: アポ数 | D16: 決済アポ | E16: 非決済アポ | F16: うち外人 | G16: 詰め直しOK | H16: 決済詰めOK | I16: 詰め直しNG | J16: リスケ | K16: 商談実行 | L16: 有効商談 | M16: 無効商談 | N16: 商談キャンセル | O16: 決済者商談 | P16: 失注 | Q16: 有効商談＋失注 | R16: 有効商談＋検討 | S16: 受注 | T16: アポ課金 | U16: 合計獲得プラン | V16: インセンティブP | W16: 稼働時間 | X16: SPH | Y16: 詰めOK率 | Z16: アポ→受注率
B17: =IF(INDEX(マスタ!$B$2:$B$60,1)="","",INDEX(マスタ!$B$2:$B$60,1)) -> 堀口 | C17: =IF($B17="","",COUNTIFS('全体集計(入力)触るな(京都)'!$M$2:$M$501,$B17,'全体集計(入力)触るな(京都)'!$L$2:$L$501,"<>")) -> 0 | D17: =IF($B17="","",COUNTIFS('全体集計(入力)触るな(京都)'!$M$2:$M$501,$B17,'全体集計(入力)触るな(京都)'!$L$2:$L$501,"決済")+COUNTIFS('全体集計(入力)触るな(京都)'!$M$2:$M$501,$B17,'全体集計(入力)触るな(京都)'!$L$2:$L$501,"外人(決済)")) -> 0 | E17: =IF($B17="","",COUNTIFS('全体集計(入力)触るな(京都)'!$M$2:$M$501,$B17,'全体集計(入力)触るな(京都)'!$L$2:$L$501,"非決済")+COUNTIFS('全体集計(入力)触るな(京都)'!$M$2:$M$501,$B17,'全体集計(入力)触るな(京都)'!$L$2:$L$501,"外人(非決済)")) -> 0 | F17: =IF($B17="","",COUNTIFS('全体集計(入力)触るな(京都)'!$M$2:$M$501,$B17,'全体集計(入力)触るな(京都)'!$L$2:$L$501,"外人(決済)")+COUNTIFS('全体集計(入力)触るな(京都)'!$M$2:$M$501,$B17,'全体集計(入力)触るな(京都)'!$L$2:$L$501,"外人(非決済)")) -> 0 | G17: =IF($B17="","",COUNTIFS('全体集計(入力)触るな(京都)'!$M$2:$M$501,$B17,'全体集計(入力)触るな(京都)'!$Q$2:$Q$501,"OK")) -> 0 | H17: =IF($B17="","",COUNTIFS('全体集計(入力)触るな(京都)'!$M$2:$M$501,$B17,'全体集計(入力)触るな(京都)'!$L$2:$L$501,"決済",'全体集計(入力)触るな(京都)'!$Q$2:$Q$501,"OK")+COUNTIFS('全体集計(入力)触るな(京都)'!$M$2:$M$501,$B17,'全体集計(入力)触るな(京都)'!$L$2:$L$501,"外人(決済)",'全体集計(入力)触るな(京都)'!$Q$2:$Q$501,"OK")) -> 0 | I17: =IF($B17="","",COUNTIFS('全体集計(入力)触るな(京都)'!$M$2:$M$501,$B17,'全体集計(入力)触るな(京都)'!$Q$2:$Q$501,"NG")) -> 0 | J17: =IF($B17="","",COUNTIFS('全体集計(入力)触るな(京都)'!$M$2:$M$501,$B17,'全体集計(入力)触るな(京都)'!$V$2:$V$501,"リスケ")) -> 0 | K17: =IF($B17="","",COUNTIFS('全体集計(入力)触るな(京都)'!$M$2:$M$501,$B17,'全体集計(入力)触るな(京都)'!$W$2:$W$501,"有効商談")+COUNTIFS('全体集計(入力)触るな(京都)'!$M$2:$M$501,$B17,'全体集計(入力)触るな(京都)'!$W$2:$W$501,"無効商談")) -> 0 | L17: =IF($B17="","",COUNTIFS('全体集計(入力)触るな(京都)'!$M$2:$M$501,$B17,'全体集計(入力)触るな(京都)'!$W$2:$W$501,"有効商談")) -> 0 | M17: =IF($B17="","",COUNTIFS('全体集計(入力)触るな(京都)'!$M$2:$M$501,$B17,'全体集計(入力)触るな(京都)'!$W$2:$W$501,"無効商談")) -> 0 | N17: =IF($B17="","",COUNTIFS('全体集計(入力)触るな(京都)'!$M$2:$M$501,$B17,'全体集計(入力)触るな(京都)'!$AF$2:$AF$501,"商談キャンセル")) -> 0 | O17: =IF($B17="","",COUNTIFS('全体集計(入力)触るな(京都)'!$M$2:$M$501,$B17,'全体集計(入力)触るな(京都)'!$Z$2:$Z$501,"決済者")) -> 0 | P17: =IF($B17="","",COUNTIFS('全体集計(入力)触るな(京都)'!$M$2:$M$501,$B17,'全体集計(入力)触るな(京都)'!$AF$2:$AF$501,"失注")) -> 0 | Q17: =IF($B17="","",COUNTIFS('全体集計(入力)触るな(京都)'!$M$2:$M$501,$B17,'全体集計(入力)触るな(京都)'!$W$2:$W$501,"有効商談",'全体集計(入力)触るな(京都)'!$AF$2:$AF$501,"失注")) -> 0 | R17: =IF($B17="","",COUNTIFS('全体集計(入力)触るな(京都)'!$M$2:$M$501,$B17,'全体集計(入力)触るな(京都)'!$W$2:$W$501,"有効商談",'全体集計(入力)触るな(京都)'!$X$2:$X$501,"検討")) -> 0 | S17: =IF($B17="","",COUNTIFS('全体集計(入力)触るな(京都)'!$M$2:$M$501,$B17,'全体集計(入力)触るな(京都)'!$AF$2:$AF$501,"受注")) -> 0 | T17: =IF($B17="","",COUNTIFS('全体集計(入力)触るな(京都)'!$M$2:$M$501,$B17,'全体集計(入力)触るな(京都)'!$AC$2:$AC$501,"⚪︎")) -> 0 | U17: =IF($B17="","",SUMIFS('全体集計(入力)触るな(京都)'!$AD$2:$AD$501,'全体集計(入力)触るな(京都)'!$M$2:$M$501,$B17,'全体集計(入力)触るな(京都)'!$AF$2:$AF$501,"受注")) -> 0 | V17: =IF($B17="","",INT(U17/10000)) -> 0 | W17: =IF($B17="","",SUMIFS(シフト入力!$N$2:$N$1501,シフト入力!$B$2:$B$1501,$B17,シフト入力!$A$2:$A$1501,"<="&TODAY())) -> 0 | X17: =IF($B17="","",IFERROR(C17/W17,0)) -> 0 | Y17: =IF($B17="","",IFERROR(G17/C17,0)) -> 0 | Z17: =IF($B17="","",IFERROR(S17/C17,0)) -> 0
B18: =IF(INDEX(マスタ!$B$2:$B$60,2)="","",INDEX(マスタ!$B$2:$B$60,2)) -> 岡本(れな) | C18: =IF($B18="","",COUNTIFS('全体集計(入力)触るな(京都)'!$M$2:$M$501,$B18,'全体集計(入力)触るな(京都)'!$L$2:$L$501,"<>")) -> 0 | D18: =IF($B18="","",COUNTIFS('全体集計(入力)触るな(京都)'!$M$2:$M$501,$B18,'全体集計(入力)触るな(京都)'!$L$2:$L$501,"決済")+COUNTIFS('全体集計(入力)触るな(京都)'!$M$2:$M$501,$B18,'全体集計(入力)触るな(京都)'!$L$2:$L$501,"外人(決済)")) -> 0 | E18: =IF($B18="","",COUNTIFS('全体集計(入力)触るな(京都)'!$M$2:$M$501,$B18,'全体集計(入力)触るな(京都)'!$L$2:$L$501,"非決済")+COUNTIFS('全体集計(入力)触るな(京都)'!$M$2:$M$501,$B18,'全体集計(入力)触るな(京都)'!$L$2:$L$501,"外人(非決済)")) -> 0 | F18: =IF($B18="","",COUNTIFS('全体集計(入力)触るな(京都)'!$M$2:$M$501,$B18,'全体集計(入力)触るな(京都)'!$L$2:$L$501,"外人(決済)")+COUNTIFS('全体集計(入力)触るな(京都)'!$M$2:$M$501,$B18,'全体集計(入力)触るな(京都)'!$L$2:$L$501,"外人(非決済)")) -> 0 | G18: =IF($B18="","",COUNTIFS('全体集計(入力)触るな(京都)'!$M$2:$M$501,$B18,'全体集計(入力)触るな(京都)'!$Q$2:$Q$501,"OK")) -> 0 | H18: =IF($B18="","",COUNTIFS('全体集計(入力)触るな(京都)'!$M$2:$M$501,$B18,'全体集計(入力)触るな(京都)'!$L$2:$L$501,"決済",'全体集計(入力)触るな(京都)'!$Q$2:$Q$501,"OK")+COUNTIFS('全体集計(入力)触るな(京都)'!$M$2:$M$501,$B18,'全体集計(入力)触るな(京都)'!$L$2:$L$501,"外人(決済)",'全体集計(入力)触るな(京都)'!$Q$2:$Q$501,"OK")) -> 0 | I18: =IF($B18="","",COUNTIFS('全体集計(入力)触るな(京都)'!$M$2:$M$501,$B18,'全体集計(入力)触るな(京都)'!$Q$2:$Q$501,"NG")) -> 0 | J18: =IF($B18="","",COUNTIFS('全体集計(入力)触るな(京都)'!$M$2:$M$501,$B18,'全体集計(入力)触るな(京都)'!$V$2:$V$501,"リスケ")) -> 0 | K18: =IF($B18="","",COUNTIFS('全体集計(入力)触るな(京都)'!$M$2:$M$501,$B18,'全体集計(入力)触るな(京都)'!$W$2:$W$501,"有効商談")+COUNTIFS('全体集計(入力)触るな(京都)'!$M$2:$M$501,$B18,'全体集計(入力)触るな(京都)'!$W$2:$W$501,"無効商談")) -> 0 | L18: =IF($B18="","",COUNTIFS('全体集計(入力)触るな(京都)'!$M$2:$M$501,$B18,'全体集計(入力)触るな(京都)'!$W$2:$W$501,"有効商談")) -> 0 | M18: =IF($B18="","",COUNTIFS('全体集計(入力)触るな(京都)'!$M$2:$M$501,$B18,'全体集計(入力)触るな(京都)'!$W$2:$W$501,"無効商談")) -> 0 | N18: =IF($B18="","",COUNTIFS('全体集計(入力)触るな(京都)'!$M$2:$M$501,$B18,'全体集計(入力)触るな(京都)'!$AF$2:$AF$501,"商談キャンセル")) -> 0 | O18: =IF($B18="","",COUNTIFS('全体集計(入力)触るな(京都)'!$M$2:$M$501,$B18,'全体集計(入力)触るな(京都)'!$Z$2:$Z$501,"決済者")) -> 0 | P18: =IF($B18="","",COUNTIFS('全体集計(入力)触るな(京都)'!$M$2:$M$501,$B18,'全体集計(入力)触るな(京都)'!$AF$2:$AF$501,"失注")) -> 0 | Q18: =IF($B18="","",COUNTIFS('全体集計(入力)触るな(京都)'!$M$2:$M$501,$B18,'全体集計(入力)触るな(京都)'!$W$2:$W$501,"有効商談",'全体集計(入力)触るな(京都)'!$AF$2:$AF$501,"失注")) -> 0 | R18: =IF($B18="","",COUNTIFS('全体集計(入力)触るな(京都)'!$M$2:$M$501,$B18,'全体集計(入力)触るな(京都)'!$W$2:$W$501,"有効商談",'全体集計(入力)触るな(京都)'!$X$2:$X$501,"検討")) -> 0 | S18: =IF($B18="","",COUNTIFS('全体集計(入力)触るな(京都)'!$M$2:$M$501,$B18,'全体集計(入力)触るな(京都)'!$AF$2:$AF$501,"受注")) -> 0 | T18: =IF($B18="","",COUNTIFS('全体集計(入力)触るな(京都)'!$M$2:$M$501,$B18,'全体集計(入力)触るな(京都)'!$AC$2:$AC$501,"⚪︎")) -> 0 | U18: =IF($B18="","",SUMIFS('全体集計(入力)触るな(京都)'!$AD$2:$AD$501,'全体集計(入力)触るな(京都)'!$M$2:$M$501,$B18,'全体集計(入力)触るな(京都)'!$AF$2:$AF$501,"受注")) -> 0 | V18: =IF($B18="","",INT(U18/10000)) -> 0 | W18: =IF($B18="","",SUMIFS(シフト入力!$N$2:$N$1501,シフト入力!$B$2:$B$1501,$B18,シフト入力!$A$2:$A$1501,"<="&TODAY())) -> 0 | X18: =IF($B18="","",IFERROR(C18/W18,0)) -> 0 | Y18: =IF($B18="","",IFERROR(G18/C18,0)) -> 0 | Z18: =IF($B18="","",IFERROR(S18/C18,0)) -> 0
B19: =IF(INDEX(マスタ!$B$2:$B$60,3)="","",INDEX(マスタ!$B$2:$B$60,3)) -> 篠原 | C19: =IF($B19="","",COUNTIFS('全体集計(入力)触るな(京都)'!$M$2:$M$501,$B19,'全体集計(入力)触るな(京都)'!$L$2:$L$501,"<>")) -> 0 | D19: =IF($B19="","",COUNTIFS('全体集計(入力)触るな(京都)'!$M$2:$M$501,$B19,'全体集計(入力)触るな(京都)'!$L$2:$L$501,"決済")+COUNTIFS('全体集計(入力)触るな(京都)'!$M$2:$M$501,$B19,'全体集計(入力)触るな(京都)'!$L$2:$L$501,"外人(決済)")) -> 0 | E19: =IF($B19="","",COUNTIFS('全体集計(入力)触るな(京都)'!$M$2:$M$501,$B19,'全体集計(入力)触るな(京都)'!$L$2:$L$501,"非決済")+COUNTIFS('全体集計(入力)触るな(京都)'!$M$2:$M$501,$B19,'全体集計(入力)触るな(京都)'!$L$2:$L$501,"外人(非決済)")) -> 0 | F19: =IF($B19="","",COUNTIFS('全体集計(入力)触るな(京都)'!$M$2:$M$501,$B19,'全体集計(入力)触るな(京都)'!$L$2:$L$501,"外人(決済)")+COUNTIFS('全体集計(入力)触るな(京都)'!$M$2:$M$501,$B19,'全体集計(入力)触るな(京都)'!$L$2:$L$501,"外人(非決済)")) -> 0 | G19: =IF($B19="","",COUNTIFS('全体集計(入力)触るな(京都)'!$M$2:$M$501,$B19,'全体集計(入力)触るな(京都)'!$Q$2:$Q$501,"OK")) -> 0 | H19: =IF($B19="","",COUNTIFS('全体集計(入力)触るな(京都)'!$M$2:$M$501,$B19,'全体集計(入力)触るな(京都)'!$L$2:$L$501,"決済",'全体集計(入力)触るな(京都)'!$Q$2:$Q$501,"OK")+COUNTIFS('全体集計(入力)触るな(京都)'!$M$2:$M$501,$B19,'全体集計(入力)触るな(京都)'!$L$2:$L$501,"外人(決済)",'全体集計(入力)触るな(京都)'!$Q$2:$Q$501,"OK")) -> 0 | I19: =IF($B19="","",COUNTIFS('全体集計(入力)触るな(京都)'!$M$2:$M$501,$B19,'全体集計(入力)触るな(京都)'!$Q$2:$Q$501,"NG")) -> 0 | J19: =IF($B19="","",COUNTIFS('全体集計(入力)触るな(京都)'!$M$2:$M$501,$B19,'全体集計(入力)触るな(京都)'!$V$2:$V$501,"リスケ")) -> 0 | K19: =IF($B19="","",COUNTIFS('全体集計(入力)触るな(京都)'!$M$2:$M$501,$B19,'全体集計(入力)触るな(京都)'!$W$2:$W$501,"有効商談")+COUNTIFS('全体集計(入力)触るな(京都)'!$M$2:$M$501,$B19,'全体集計(入力)触るな(京都)'!$W$2:$W$501,"無効商談")) -> 0 | L19: =IF($B19="","",COUNTIFS('全体集計(入力)触るな(京都)'!$M$2:$M$501,$B19,'全体集計(入力)触るな(京都)'!$W$2:$W$501,"有効商談")) -> 0 | M19: =IF($B19="","",COUNTIFS('全体集計(入力)触るな(京都)'!$M$2:$M$501,$B19,'全体集計(入力)触るな(京都)'!$W$2:$W$501,"無効商談")) -> 0 | N19: =IF($B19="","",COUNTIFS('全体集計(入力)触るな(京都)'!$M$2:$M$501,$B19,'全体集計(入力)触るな(京都)'!$AF$2:$AF$501,"商談キャンセル")) -> 0 | O19: =IF($B19="","",COUNTIFS('全体集計(入力)触るな(京都)'!$M$2:$M$501,$B19,'全体集計(入力)触るな(京都)'!$Z$2:$Z$501,"決済者")) -> 0 | P19: =IF($B19="","",COUNTIFS('全体集計(入力)触るな(京都)'!$M$2:$M$501,$B19,'全体集計(入力)触るな(京都)'!$AF$2:$AF$501,"失注")) -> 0 | Q19: =IF($B19="","",COUNTIFS('全体集計(入力)触るな(京都)'!$M$2:$M$501,$B19,'全体集計(入力)触るな(京都)'!$W$2:$W$501,"有効商談",'全体集計(入力)触るな(京都)'!$AF$2:$AF$501,"失注")) -> 0 | R19: =IF($B19="","",COUNTIFS('全体集計(入力)触るな(京都)'!$M$2:$M$501,$B19,'全体集計(入力)触るな(京都)'!$W$2:$W$501,"有効商談",'全体集計(入力)触るな(京都)'!$X$2:$X$501,"検討")) -> 0 | S19: =IF($B19="","",COUNTIFS('全体集計(入力)触るな(京都)'!$M$2:$M$501,$B19,'全体集計(入力)触るな(京都)'!$AF$2:$AF$501,"受注")) -> 0 | T19: =IF($B19="","",COUNTIFS('全体集計(入力)触るな(京都)'!$M$2:$M$501,$B19,'全体集計(入力)触るな(京都)'!$AC$2:$AC$501,"⚪︎")) -> 0 | U19: =IF($B19="","",SUMIFS('全体集計(入力)触るな(京都)'!$AD$2:$AD$501,'全体集計(入力)触るな(京都)'!$M$2:$M$501,$B19,'全体集計(入力)触るな(京都)'!$AF$2:$AF$501,"受注")) -> 0 | V19: =IF($B19="","",INT(U19/10000)) -> 0 | W19: =IF($B19="","",SUMIFS(シフト入力!$N$2:$N$1501,シフト入力!$B$2:$B$1501,$B19,シフト入力!$A$2:$A$1501,"<="&TODAY())) -> 0 | X19: =IF($B19="","",IFERROR(C19/W19,0)) -> 0 | Y19: =IF($B19="","",IFERROR(G19/C19,0)) -> 0 | Z19: =IF($B19="","",IFERROR(S19/C19,0)) -> 0
B20: =IF(INDEX(マスタ!$B$2:$B$60,4)="","",INDEX(マスタ!$B$2:$B$60,4)) -> 吉村 | C20: =IF($B20="","",COUNTIFS('全体集計(入力)触るな(京都)'!$M$2:$M$501,$B20,'全体集計(入力)触るな(京都)'!$L$2:$L$501,"<>")) -> 0 | D20: =IF($B20="","",COUNTIFS('全体集計(入力)触るな(京都)'!$M$2:$M$501,$B20,'全体集計(入力)触るな(京都)'!$L$2:$L$501,"決済")+COUNTIFS('全体集計(入力)触るな(京都)'!$M$2:$M$501,$B20,'全体集計(入力)触るな(京都)'!$L$2:$L$501,"外人(決済)")) -> 0 | E20: =IF($B20="","",COUNTIFS('全体集計(入力)触るな(京都)'!$M$2:$M$501,$B20,'全体集計(入力)触るな(京都)'!$L$2:$L$501,"非決済")+COUNTIFS('全体集計(入力)触るな(京都)'!$M$2:$M$501,$B20,'全体集計(入力)触るな(京都)'!$L$2:$L$501,"外人(非決済)")) -> 0 | F20: =IF($B20="","",COUNTIFS('全体集計(入力)触るな(京都)'!$M$2:$M$501,$B20,'全体集計(入力)触るな(京都)'!$L$2:$L$501,"外人(決済)")+COUNTIFS('全体集計(入力)触るな(京都)'!$M$2:$M$501,$B20,'全体集計(入力)触るな(京都)'!$L$2:$L$501,"外人(非決済)")) -> 0 | G20: =IF($B20="","",COUNTIFS('全体集計(入力)触るな(京都)'!$M$2:$M$501,$B20,'全体集計(入力)触るな(京都)'!$Q$2:$Q$501,"OK")) -> 0 | H20: =IF($B20="","",COUNTIFS('全体集計(入力)触るな(京都)'!$M$2:$M$501,$B20,'全体集計(入力)触るな(京都)'!$L$2:$L$501,"決済",'全体集計(入力)触るな(京都)'!$Q$2:$Q$501,"OK")+COUNTIFS('全体集計(入力)触るな(京都)'!$M$2:$M$501,$B20,'全体集計(入力)触るな(京都)'!$L$2:$L$501,"外人(決済)",'全体集計(入力)触るな(京都)'!$Q$2:$Q$501,"OK")) -> 0 | I20: =IF($B20="","",COUNTIFS('全体集計(入力)触るな(京都)'!$M$2:$M$501,$B20,'全体集計(入力)触るな(京都)'!$Q$2:$Q$501,"NG")) -> 0 | J20: =IF($B20="","",COUNTIFS('全体集計(入力)触るな(京都)'!$M$2:$M$501,$B20,'全体集計(入力)触るな(京都)'!$V$2:$V$501,"リスケ")) -> 0 | K20: =IF($B20="","",COUNTIFS('全体集計(入力)触るな(京都)'!$M$2:$M$501,$B20,'全体集計(入力)触るな(京都)'!$W$2:$W$501,"有効商談")+COUNTIFS('全体集計(入力)触るな(京都)'!$M$2:$M$501,$B20,'全体集計(入力)触るな(京都)'!$W$2:$W$501,"無効商談")) -> 0 | L20: =IF($B20="","",COUNTIFS('全体集計(入力)触るな(京都)'!$M$2:$M$501,$B20,'全体集計(入力)触るな(京都)'!$W$2:$W$501,"有効商談")) -> 0 | M20: =IF($B20="","",COUNTIFS('全体集計(入力)触るな(京都)'!$M$2:$M$501,$B20,'全体集計(入力)触るな(京都)'!$W$2:$W$501,"無効商談")) -> 0 | N20: =IF($B20="","",COUNTIFS('全体集計(入力)触るな(京都)'!$M$2:$M$501,$B20,'全体集計(入力)触るな(京都)'!$AF$2:$AF$501,"商談キャンセル")) -> 0 | O20: =IF($B20="","",COUNTIFS('全体集計(入力)触るな(京都)'!$M$2:$M$501,$B20,'全体集計(入力)触るな(京都)'!$Z$2:$Z$501,"決済者")) -> 0 | P20: =IF($B20="","",COUNTIFS('全体集計(入力)触るな(京都)'!$M$2:$M$501,$B20,'全体集計(入力)触るな(京都)'!$AF$2:$AF$501,"失注")) -> 0 | Q20: =IF($B20="","",COUNTIFS('全体集計(入力)触るな(京都)'!$M$2:$M$501,$B20,'全体集計(入力)触るな(京都)'!$W$2:$W$501,"有効商談",'全体集計(入力)触るな(京都)'!$AF$2:$AF$501,"失注")) -> 0 | R20: =IF($B20="","",COUNTIFS('全体集計(入力)触るな(京都)'!$M$2:$M$501,$B20,'全体集計(入力)触るな(京都)'!$W$2:$W$501,"有効商談",'全体集計(入力)触るな(京都)'!$X$2:$X$501,"検討")) -> 0 | S20: =IF($B20="","",COUNTIFS('全体集計(入力)触るな(京都)'!$M$2:$M$501,$B20,'全体集計(入力)触るな(京都)'!$AF$2:$AF$501,"受注")) -> 0 | T20: =IF($B20="","",COUNTIFS('全体集計(入力)触るな(京都)'!$M$2:$M$501,$B20,'全体集計(入力)触るな(京都)'!$AC$2:$AC$501,"⚪︎")) -> 0 | U20: =IF($B20="","",SUMIFS('全体集計(入力)触るな(京都)'!$AD$2:$AD$501,'全体集計(入力)触るな(京都)'!$M$2:$M$501,$B20,'全体集計(入力)触るな(京都)'!$AF$2:$AF$501,"受注")) -> 0 | V20: =IF($B20="","",INT(U20/10000)) -> 0 | W20: =IF($B20="","",SUMIFS(シフト入力!$N$2:$N$1501,シフト入力!$B$2:$B$1501,$B20,シフト入力!$A$2:$A$1501,"<="&TODAY())) -> 0 | X20: =IF($B20="","",IFERROR(C20/W20,0)) -> 0 | Y20: =IF($B20="","",IFERROR(G20/C20,0)) -> 0 | Z20: =IF($B20="","",IFERROR(S20/C20,0)) -> 0
B21: =IF(INDEX(マスタ!$B$2:$B$60,5)="","",INDEX(マスタ!$B$2:$B$60,5)) -> 大場 | C21: =IF($B21="","",COUNTIFS('全体集計(入力)触るな(京都)'!$M$2:$M$501,$B21,'全体集計(入力)触るな(京都)'!$L$2:$L$501,"<>")) -> 0 | D21: =IF($B21="","",COUNTIFS('全体集計(入力)触るな(京都)'!$M$2:$M$501,$B21,'全体集計(入力)触るな(京都)'!$L$2:$L$501,"決済")+COUNTIFS('全体集計(入力)触るな(京都)'!$M$2:$M$501,$B21,'全体集計(入力)触るな(京都)'!$L$2:$L$501,"外人(決済)")) -> 0 | E21: =IF($B21="","",COUNTIFS('全体集計(入力)触るな(京都)'!$M$2:$M$501,$B21,'全体集計(入力)触るな(京都)'!$L$2:$L$501,"非決済")+COUNTIFS('全体集計(入力)触るな(京都)'!$M$2:$M$501,$B21,'全体集計(入力)触るな(京都)'!$L$2:$L$501,"外人(非決済)")) -> 0 | F21: =IF($B21="","",COUNTIFS('全体集計(入力)触るな(京都)'!$M$2:$M$501,$B21,'全体集計(入力)触るな(京都)'!$L$2:$L$501,"外人(決済)")+COUNTIFS('全体集計(入力)触るな(京都)'!$M$2:$M$501,$B21,'全体集計(入力)触るな(京都)'!$L$2:$L$501,"外人(非決済)")) -> 0 | G21: =IF($B21="","",COUNTIFS('全体集計(入力)触るな(京都)'!$M$2:$M$501,$B21,'全体集計(入力)触るな(京都)'!$Q$2:$Q$501,"OK")) -> 0 | H21: =IF($B21="","",COUNTIFS('全体集計(入力)触るな(京都)'!$M$2:$M$501,$B21,'全体集計(入力)触るな(京都)'!$L$2:$L$501,"決済",'全体集計(入力)触るな(京都)'!$Q$2:$Q$501,"OK")+COUNTIFS('全体集計(入力)触るな(京都)'!$M$2:$M$501,$B21,'全体集計(入力)触るな(京都)'!$L$2:$L$501,"外人(決済)",'全体集計(入力)触るな(京都)'!$Q$2:$Q$501,"OK")) -> 0 | I21: =IF($B21="","",COUNTIFS('全体集計(入力)触るな(京都)'!$M$2:$M$501,$B21,'全体集計(入力)触るな(京都)'!$Q$2:$Q$501,"NG")) -> 0 | J21: =IF($B21="","",COUNTIFS('全体集計(入力)触るな(京都)'!$M$2:$M$501,$B21,'全体集計(入力)触るな(京都)'!$V$2:$V$501,"リスケ")) -> 0 | K21: =IF($B21="","",COUNTIFS('全体集計(入力)触るな(京都)'!$M$2:$M$501,$B21,'全体集計(入力)触るな(京都)'!$W$2:$W$501,"有効商談")+COUNTIFS('全体集計(入力)触るな(京都)'!$M$2:$M$501,$B21,'全体集計(入力)触るな(京都)'!$W$2:$W$501,"無効商談")) -> 0 | L21: =IF($B21="","",COUNTIFS('全体集計(入力)触るな(京都)'!$M$2:$M$501,$B21,'全体集計(入力)触るな(京都)'!$W$2:$W$501,"有効商談")) -> 0 | M21: =IF($B21="","",COUNTIFS('全体集計(入力)触るな(京都)'!$M$2:$M$501,$B21,'全体集計(入力)触るな(京都)'!$W$2:$W$501,"無効商談")) -> 0 | N21: =IF($B21="","",COUNTIFS('全体集計(入力)触るな(京都)'!$M$2:$M$501,$B21,'全体集計(入力)触るな(京都)'!$AF$2:$AF$501,"商談キャンセル")) -> 0 | O21: =IF($B21="","",COUNTIFS('全体集計(入力)触るな(京都)'!$M$2:$M$501,$B21,'全体集計(入力)触るな(京都)'!$Z$2:$Z$501,"決済者")) -> 0 | P21: =IF($B21="","",COUNTIFS('全体集計(入力)触るな(京都)'!$M$2:$M$501,$B21,'全体集計(入力)触るな(京都)'!$AF$2:$AF$501,"失注")) -> 0 | Q21: =IF($B21="","",COUNTIFS('全体集計(入力)触るな(京都)'!$M$2:$M$501,$B21,'全体集計(入力)触るな(京都)'!$W$2:$W$501,"有効商談",'全体集計(入力)触るな(京都)'!$AF$2:$AF$501,"失注")) -> 0 | R21: =IF($B21="","",COUNTIFS('全体集計(入力)触るな(京都)'!$M$2:$M$501,$B21,'全体集計(入力)触るな(京都)'!$W$2:$W$501,"有効商談",'全体集計(入力)触るな(京都)'!$X$2:$X$501,"検討")) -> 0 | S21: =IF($B21="","",COUNTIFS('全体集計(入力)触るな(京都)'!$M$2:$M$501,$B21,'全体集計(入力)触るな(京都)'!$AF$2:$AF$501,"受注")) -> 0 | T21: =IF($B21="","",COUNTIFS('全体集計(入力)触るな(京都)'!$M$2:$M$501,$B21,'全体集計(入力)触るな(京都)'!$AC$2:$AC$501,"⚪︎")) -> 0 | U21: =IF($B21="","",SUMIFS('全体集計(入力)触るな(京都)'!$AD$2:$AD$501,'全体集計(入力)触るな(京都)'!$M$2:$M$501,$B21,'全体集計(入力)触るな(京都)'!$AF$2:$AF$501,"受注")) -> 0 | V21: =IF($B21="","",INT(U21/10000)) -> 0 | W21: =IF($B21="","",SUMIFS(シフト入力!$N$2:$N$1501,シフト入力!$B$2:$B$1501,$B21,シフト入力!$A$2:$A$1501,"<="&TODAY())) -> 0 | X21: =IF($B21="","",IFERROR(C21/W21,0)) -> 0 | Y21: =IF($B21="","",IFERROR(G21/C21,0)) -> 0 | Z21: =IF($B21="","",IFERROR(S21/C21,0)) -> 0
B22: =IF(INDEX(マスタ!$B$2:$B$60,6)="","",INDEX(マスタ!$B$2:$B$60,6)) -> 石原 | C22: =IF($B22="","",COUNTIFS('全体集計(入力)触るな(京都)'!$M$2:$M$501,$B22,'全体集計(入力)触るな(京都)'!$L$2:$L$501,"<>")) -> 0 | D22: =IF($B22="","",COUNTIFS('全体集計(入力)触るな(京都)'!$M$2:$M$501,$B22,'全体集計(入力)触るな(京都)'!$L$2:$L$501,"決済")+COUNTIFS('全体集計(入力)触るな(京都)'!$M$2:$M$501,$B22,'全体集計(入力)触るな(京都)'!$L$2:$L$501,"外人(決済)")) -> 0 | E22: =IF($B22="","",COUNTIFS('全体集計(入力)触るな(京都)'!$M$2:$M$501,$B22,'全体集計(入力)触るな(京都)'!$L$2:$L$501,"非決済")+COUNTIFS('全体集計(入力)触るな(京都)'!$M$2:$M$501,$B22,'全体集計(入力)触るな(京都)'!$L$2:$L$501,"外人(非決済)")) -> 0 | F22: =IF($B22="","",COUNTIFS('全体集計(入力)触るな(京都)'!$M$2:$M$501,$B22,'全体集計(入力)触るな(京都)'!$L$2:$L$501,"外人(決済)")+COUNTIFS('全体集計(入力)触るな(京都)'!$M$2:$M$501,$B22,'全体集計(入力)触るな(京都)'!$L$2:$L$501,"外人(非決済)")) -> 0 | G22: =IF($B22="","",COUNTIFS('全体集計(入力)触るな(京都)'!$M$2:$M$501,$B22,'全体集計(入力)触るな(京都)'!$Q$2:$Q$501,"OK")) -> 0 | H22: =IF($B22="","",COUNTIFS('全体集計(入力)触るな(京都)'!$M$2:$M$501,$B22,'全体集計(入力)触るな(京都)'!$L$2:$L$501,"決済",'全体集計(入力)触るな(京都)'!$Q$2:$Q$501,"OK")+COUNTIFS('全体集計(入力)触るな(京都)'!$M$2:$M$501,$B22,'全体集計(入力)触るな(京都)'!$L$2:$L$501,"外人(決済)",'全体集計(入力)触るな(京都)'!$Q$2:$Q$501,"OK")) -> 0 | I22: =IF($B22="","",COUNTIFS('全体集計(入力)触るな(京都)'!$M$2:$M$501,$B22,'全体集計(入力)触るな(京都)'!$Q$2:$Q$501,"NG")) -> 0 | J22: =IF($B22="","",COUNTIFS('全体集計(入力)触るな(京都)'!$M$2:$M$501,$B22,'全体集計(入力)触るな(京都)'!$V$2:$V$501,"リスケ")) -> 0 | K22: =IF($B22="","",COUNTIFS('全体集計(入力)触るな(京都)'!$M$2:$M$501,$B22,'全体集計(入力)触るな(京都)'!$W$2:$W$501,"有効商談")+COUNTIFS('全体集計(入力)触るな(京都)'!$M$2:$M$501,$B22,'全体集計(入力)触るな(京都)'!$W$2:$W$501,"無効商談")) -> 0 | L22: =IF($B22="","",COUNTIFS('全体集計(入力)触るな(京都)'!$M$2:$M$501,$B22,'全体集計(入力)触るな(京都)'!$W$2:$W$501,"有効商談")) -> 0 | M22: =IF($B22="","",COUNTIFS('全体集計(入力)触るな(京都)'!$M$2:$M$501,$B22,'全体集計(入力)触るな(京都)'!$W$2:$W$501,"無効商談")) -> 0 | N22: =IF($B22="","",COUNTIFS('全体集計(入力)触るな(京都)'!$M$2:$M$501,$B22,'全体集計(入力)触るな(京都)'!$AF$2:$AF$501,"商談キャンセル")) -> 0 | O22: =IF($B22="","",COUNTIFS('全体集計(入力)触るな(京都)'!$M$2:$M$501,$B22,'全体集計(入力)触るな(京都)'!$Z$2:$Z$501,"決済者")) -> 0 | P22: =IF($B22="","",COUNTIFS('全体集計(入力)触るな(京都)'!$M$2:$M$501,$B22,'全体集計(入力)触るな(京都)'!$AF$2:$AF$501,"失注")) -> 0 | Q22: =IF($B22="","",COUNTIFS('全体集計(入力)触るな(京都)'!$M$2:$M$501,$B22,'全体集計(入力)触るな(京都)'!$W$2:$W$501,"有効商談",'全体集計(入力)触るな(京都)'!$AF$2:$AF$501,"失注")) -> 0 | R22: =IF($B22="","",COUNTIFS('全体集計(入力)触るな(京都)'!$M$2:$M$501,$B22,'全体集計(入力)触るな(京都)'!$W$2:$W$501,"有効商談",'全体集計(入力)触るな(京都)'!$X$2:$X$501,"検討")) -> 0 | S22: =IF($B22="","",COUNTIFS('全体集計(入力)触るな(京都)'!$M$2:$M$501,$B22,'全体集計(入力)触るな(京都)'!$AF$2:$AF$501,"受注")) -> 0 | T22: =IF($B22="","",COUNTIFS('全体集計(入力)触るな(京都)'!$M$2:$M$501,$B22,'全体集計(入力)触るな(京都)'!$AC$2:$AC$501,"⚪︎")) -> 0 | U22: =IF($B22="","",SUMIFS('全体集計(入力)触るな(京都)'!$AD$2:$AD$501,'全体集計(入力)触るな(京都)'!$M$2:$M$501,$B22,'全体集計(入力)触るな(京都)'!$AF$2:$AF$501,"受注")) -> 0 | V22: =IF($B22="","",INT(U22/10000)) -> 0 | W22: =IF($B22="","",SUMIFS(シフト入力!$N$2:$N$1501,シフト入力!$B$2:$B$1501,$B22,シフト入力!$A$2:$A$1501,"<="&TODAY())) -> 0 | X22: =IF($B22="","",IFERROR(C22/W22,0)) -> 0 | Y22: =IF($B22="","",IFERROR(G22/C22,0)) -> 0 | Z22: =IF($B22="","",IFERROR(S22/C22,0)) -> 0
B23: =IF(INDEX(マスタ!$B$2:$B$60,7)="","",INDEX(マスタ!$B$2:$B$60,7)) -> 伊坂 | C23: =IF($B23="","",COUNTIFS('全体集計(入力)触るな(京都)'!$M$2:$M$501,$B23,'全体集計(入力)触るな(京都)'!$L$2:$L$501,"<>")) -> 0 | D23: =IF($B23="","",COUNTIFS('全体集計(入力)触るな(京都)'!$M$2:$M$501,$B23,'全体集計(入力)触るな(京都)'!$L$2:$L$501,"決済")+COUNTIFS('全体集計(入力)触るな(京都)'!$M$2:$M$501,$B23,'全体集計(入力)触るな(京都)'!$L$2:$L$501,"外人(決済)")) -> 0 | E23: =IF($B23="","",COUNTIFS('全体集計(入力)触るな(京都)'!$M$2:$M$501,$B23,'全体集計(入力)触るな(京都)'!$L$2:$L$501,"非決済")+COUNTIFS('全体集計(入力)触るな(京都)'!$M$2:$M$501,$B23,'全体集計(入力)触るな(京都)'!$L$2:$L$501,"外人(非決済)")) -> 0 | F23: =IF($B23="","",COUNTIFS('全体集計(入力)触るな(京都)'!$M$2:$M$501,$B23,'全体集計(入力)触るな(京都)'!$L$2:$L$501,"外人(決済)")+COUNTIFS('全体集計(入力)触るな(京都)'!$M$2:$M$501,$B23,'全体集計(入力)触るな(京都)'!$L$2:$L$501,"外人(非決済)")) -> 0 | G23: =IF($B23="","",COUNTIFS('全体集計(入力)触るな(京都)'!$M$2:$M$501,$B23,'全体集計(入力)触るな(京都)'!$Q$2:$Q$501,"OK")) -> 0 | H23: =IF($B23="","",COUNTIFS('全体集計(入力)触るな(京都)'!$M$2:$M$501,$B23,'全体集計(入力)触るな(京都)'!$L$2:$L$501,"決済",'全体集計(入力)触るな(京都)'!$Q$2:$Q$501,"OK")+COUNTIFS('全体集計(入力)触るな(京都)'!$M$2:$M$501,$B23,'全体集計(入力)触るな(京都)'!$L$2:$L$501,"外人(決済)",'全体集計(入力)触るな(京都)'!$Q$2:$Q$501,"OK")) -> 0 | I23: =IF($B23="","",COUNTIFS('全体集計(入力)触るな(京都)'!$M$2:$M$501,$B23,'全体集計(入力)触るな(京都)'!$Q$2:$Q$501,"NG")) -> 0 | J23: =IF($B23="","",COUNTIFS('全体集計(入力)触るな(京都)'!$M$2:$M$501,$B23,'全体集計(入力)触るな(京都)'!$V$2:$V$501,"リスケ")) -> 0 | K23: =IF($B23="","",COUNTIFS('全体集計(入力)触るな(京都)'!$M$2:$M$501,$B23,'全体集計(入力)触るな(京都)'!$W$2:$W$501,"有効商談")+COUNTIFS('全体集計(入力)触るな(京都)'!$M$2:$M$501,$B23,'全体集計(入力)触るな(京都)'!$W$2:$W$501,"無効商談")) -> 0 | L23: =IF($B23="","",COUNTIFS('全体集計(入力)触るな(京都)'!$M$2:$M$501,$B23,'全体集計(入力)触るな(京都)'!$W$2:$W$501,"有効商談")) -> 0 | M23: =IF($B23="","",COUNTIFS('全体集計(入力)触るな(京都)'!$M$2:$M$501,$B23,'全体集計(入力)触るな(京都)'!$W$2:$W$501,"無効商談")) -> 0 | N23: =IF($B23="","",COUNTIFS('全体集計(入力)触るな(京都)'!$M$2:$M$501,$B23,'全体集計(入力)触るな(京都)'!$AF$2:$AF$501,"商談キャンセル")) -> 0 | O23: =IF($B23="","",COUNTIFS('全体集計(入力)触るな(京都)'!$M$2:$M$501,$B23,'全体集計(入力)触るな(京都)'!$Z$2:$Z$501,"決済者")) -> 0 | P23: =IF($B23="","",COUNTIFS('全体集計(入力)触るな(京都)'!$M$2:$M$501,$B23,'全体集計(入力)触るな(京都)'!$AF$2:$AF$501,"失注")) -> 0 | Q23: =IF($B23="","",COUNTIFS('全体集計(入力)触るな(京都)'!$M$2:$M$501,$B23,'全体集計(入力)触るな(京都)'!$W$2:$W$501,"有効商談",'全体集計(入力)触るな(京都)'!$AF$2:$AF$501,"失注")) -> 0 | R23: =IF($B23="","",COUNTIFS('全体集計(入力)触るな(京都)'!$M$2:$M$501,$B23,'全体集計(入力)触るな(京都)'!$W$2:$W$501,"有効商談",'全体集計(入力)触るな(京都)'!$X$2:$X$501,"検討")) -> 0 | S23: =IF($B23="","",COUNTIFS('全体集計(入力)触るな(京都)'!$M$2:$M$501,$B23,'全体集計(入力)触るな(京都)'!$AF$2:$AF$501,"受注")) -> 0 | T23: =IF($B23="","",COUNTIFS('全体集計(入力)触るな(京都)'!$M$2:$M$501,$B23,'全体集計(入力)触るな(京都)'!$AC$2:$AC$501,"⚪︎")) -> 0 | U23: =IF($B23="","",SUMIFS('全体集計(入力)触るな(京都)'!$AD$2:$AD$501,'全体集計(入力)触るな(京都)'!$M$2:$M$501,$B23,'全体集計(入力)触るな(京都)'!$AF$2:$AF$501,"受注")) -> 0 | V23: =IF($B23="","",INT(U23/10000)) -> 0 | W23: =IF($B23="","",SUMIFS(シフト入力!$N$2:$N$1501,シフト入力!$B$2:$B$1501,$B23,シフト入力!$A$2:$A$1501,"<="&TODAY())) -> 0 | X23: =IF($B23="","",IFERROR(C23/W23,0)) -> 0 | Y23: =IF($B23="","",IFERROR(G23/C23,0)) -> 0 | Z23: =IF($B23="","",IFERROR(S23/C23,0)) -> 0
B24: =IF(INDEX(マスタ!$B$2:$B$60,8)="","",INDEX(マスタ!$B$2:$B$60,8)) -> 迫 | C24: =IF($B24="","",COUNTIFS('全体集計(入力)触るな(京都)'!$M$2:$M$501,$B24,'全体集計(入力)触るな(京都)'!$L$2:$L$501,"<>")) -> 0 | D24: =IF($B24="","",COUNTIFS('全体集計(入力)触るな(京都)'!$M$2:$M$501,$B24,'全体集計(入力)触るな(京都)'!$L$2:$L$501,"決済")+COUNTIFS('全体集計(入力)触るな(京都)'!$M$2:$M$501,$B24,'全体集計(入力)触るな(京都)'!$L$2:$L$501,"外人(決済)")) -> 0 | E24: =IF($B24="","",COUNTIFS('全体集計(入力)触るな(京都)'!$M$2:$M$501,$B24,'全体集計(入力)触るな(京都)'!$L$2:$L$501,"非決済")+COUNTIFS('全体集計(入力)触るな(京都)'!$M$2:$M$501,$B24,'全体集計(入力)触るな(京都)'!$L$2:$L$501,"外人(非決済)")) -> 0 | F24: =IF($B24="","",COUNTIFS('全体集計(入力)触るな(京都)'!$M$2:$M$501,$B24,'全体集計(入力)触るな(京都)'!$L$2:$L$501,"外人(決済)")+COUNTIFS('全体集計(入力)触るな(京都)'!$M$2:$M$501,$B24,'全体集計(入力)触るな(京都)'!$L$2:$L$501,"外人(非決済)")) -> 0 | G24: =IF($B24="","",COUNTIFS('全体集計(入力)触るな(京都)'!$M$2:$M$501,$B24,'全体集計(入力)触るな(京都)'!$Q$2:$Q$501,"OK")) -> 0 | H24: =IF($B24="","",COUNTIFS('全体集計(入力)触るな(京都)'!$M$2:$M$501,$B24,'全体集計(入力)触るな(京都)'!$L$2:$L$501,"決済",'全体集計(入力)触るな(京都)'!$Q$2:$Q$501,"OK")+COUNTIFS('全体集計(入力)触るな(京都)'!$M$2:$M$501,$B24,'全体集計(入力)触るな(京都)'!$L$2:$L$501,"外人(決済)",'全体集計(入力)触るな(京都)'!$Q$2:$Q$501,"OK")) -> 0 | I24: =IF($B24="","",COUNTIFS('全体集計(入力)触るな(京都)'!$M$2:$M$501,$B24,'全体集計(入力)触るな(京都)'!$Q$2:$Q$501,"NG")) -> 0 | J24: =IF($B24="","",COUNTIFS('全体集計(入力)触るな(京都)'!$M$2:$M$501,$B24,'全体集計(入力)触るな(京都)'!$V$2:$V$501,"リスケ")) -> 0 | K24: =IF($B24="","",COUNTIFS('全体集計(入力)触るな(京都)'!$M$2:$M$501,$B24,'全体集計(入力)触るな(京都)'!$W$2:$W$501,"有効商談")+COUNTIFS('全体集計(入力)触るな(京都)'!$M$2:$M$501,$B24,'全体集計(入力)触るな(京都)'!$W$2:$W$501,"無効商談")) -> 0 | L24: =IF($B24="","",COUNTIFS('全体集計(入力)触るな(京都)'!$M$2:$M$501,$B24,'全体集計(入力)触るな(京都)'!$W$2:$W$501,"有効商談")) -> 0 | M24: =IF($B24="","",COUNTIFS('全体集計(入力)触るな(京都)'!$M$2:$M$501,$B24,'全体集計(入力)触るな(京都)'!$W$2:$W$501,"無効商談")) -> 0 | N24: =IF($B24="","",COUNTIFS('全体集計(入力)触るな(京都)'!$M$2:$M$501,$B24,'全体集計(入力)触るな(京都)'!$AF$2:$AF$501,"商談キャンセル")) -> 0 | O24: =IF($B24="","",COUNTIFS('全体集計(入力)触るな(京都)'!$M$2:$M$501,$B24,'全体集計(入力)触るな(京都)'!$Z$2:$Z$501,"決済者")) -> 0 | P24: =IF($B24="","",COUNTIFS('全体集計(入力)触るな(京都)'!$M$2:$M$501,$B24,'全体集計(入力)触るな(京都)'!$AF$2:$AF$501,"失注")) -> 0 | Q24: =IF($B24="","",COUNTIFS('全体集計(入力)触るな(京都)'!$M$2:$M$501,$B24,'全体集計(入力)触るな(京都)'!$W$2:$W$501,"有効商談",'全体集計(入力)触るな(京都)'!$AF$2:$AF$501,"失注")) -> 0 | R24: =IF($B24="","",COUNTIFS('全体集計(入力)触るな(京都)'!$M$2:$M$501,$B24,'全体集計(入力)触るな(京都)'!$W$2:$W$501,"有効商談",'全体集計(入力)触るな(京都)'!$X$2:$X$501,"検討")) -> 0 | S24: =IF($B24="","",COUNTIFS('全体集計(入力)触るな(京都)'!$M$2:$M$501,$B24,'全体集計(入力)触るな(京都)'!$AF$2:$AF$501,"受注")) -> 0 | T24: =IF($B24="","",COUNTIFS('全体集計(入力)触るな(京都)'!$M$2:$M$501,$B24,'全体集計(入力)触るな(京都)'!$AC$2:$AC$501,"⚪︎")) -> 0 | U24: =IF($B24="","",SUMIFS('全体集計(入力)触るな(京都)'!$AD$2:$AD$501,'全体集計(入力)触るな(京都)'!$M$2:$M$501,$B24,'全体集計(入力)触るな(京都)'!$AF$2:$AF$501,"受注")) -> 0 | V24: =IF($B24="","",INT(U24/10000)) -> 0 | W24: =IF($B24="","",SUMIFS(シフト入力!$N$2:$N$1501,シフト入力!$B$2:$B$1501,$B24,シフト入力!$A$2:$A$1501,"<="&TODAY())) -> 0 | X24: =IF($B24="","",IFERROR(C24/W24,0)) -> 0 | Y24: =IF($B24="","",IFERROR(G24/C24,0)) -> 0 | Z24: =IF($B24="","",IFERROR(S24/C24,0)) -> 0
B25: =IF(INDEX(マスタ!$B$2:$B$60,9)="","",INDEX(マスタ!$B$2:$B$60,9)) -> 藤井 | C25: =IF($B25="","",COUNTIFS('全体集計(入力)触るな(京都)'!$M$2:$M$501,$B25,'全体集計(入力)触るな(京都)'!$L$2:$L$501,"<>")) -> 0 | D25: =IF($B25="","",COUNTIFS('全体集計(入力)触るな(京都)'!$M$2:$M$501,$B25,'全体集計(入力)触るな(京都)'!$L$2:$L$501,"決済")+COUNTIFS('全体集計(入力)触るな(京都)'!$M$2:$M$501,$B25,'全体集計(入力)触るな(京都)'!$L$2:$L$501,"外人(決済)")) -> 0 | E25: =IF($B25="","",COUNTIFS('全体集計(入力)触るな(京都)'!$M$2:$M$501,$B25,'全体集計(入力)触るな(京都)'!$L$2:$L$501,"非決済")+COUNTIFS('全体集計(入力)触るな(京都)'!$M$2:$M$501,$B25,'全体集計(入力)触るな(京都)'!$L$2:$L$501,"外人(非決済)")) -> 0 | F25: =IF($B25="","",COUNTIFS('全体集計(入力)触るな(京都)'!$M$2:$M$501,$B25,'全体集計(入力)触るな(京都)'!$L$2:$L$501,"外人(決済)")+COUNTIFS('全体集計(入力)触るな(京都)'!$M$2:$M$501,$B25,'全体集計(入力)触るな(京都)'!$L$2:$L$501,"外人(非決済)")) -> 0 | G25: =IF($B25="","",COUNTIFS('全体集計(入力)触るな(京都)'!$M$2:$M$501,$B25,'全体集計(入力)触るな(京都)'!$Q$2:$Q$501,"OK")) -> 0 | H25: =IF($B25="","",COUNTIFS('全体集計(入力)触るな(京都)'!$M$2:$M$501,$B25,'全体集計(入力)触るな(京都)'!$L$2:$L$501,"決済",'全体集計(入力)触るな(京都)'!$Q$2:$Q$501,"OK")+COUNTIFS('全体集計(入力)触るな(京都)'!$M$2:$M$501,$B25,'全体集計(入力)触るな(京都)'!$L$2:$L$501,"外人(決済)",'全体集計(入力)触るな(京都)'!$Q$2:$Q$501,"OK")) -> 0 | I25: =IF($B25="","",COUNTIFS('全体集計(入力)触るな(京都)'!$M$2:$M$501,$B25,'全体集計(入力)触るな(京都)'!$Q$2:$Q$501,"NG")) -> 0 | J25: =IF($B25="","",COUNTIFS('全体集計(入力)触るな(京都)'!$M$2:$M$501,$B25,'全体集計(入力)触るな(京都)'!$V$2:$V$501,"リスケ")) -> 0 | K25: =IF($B25="","",COUNTIFS('全体集計(入力)触るな(京都)'!$M$2:$M$501,$B25,'全体集計(入力)触るな(京都)'!$W$2:$W$501,"有効商談")+COUNTIFS('全体集計(入力)触るな(京都)'!$M$2:$M$501,$B25,'全体集計(入力)触るな(京都)'!$W$2:$W$501,"無効商談")) -> 0 | L25: =IF($B25="","",COUNTIFS('全体集計(入力)触るな(京都)'!$M$2:$M$501,$B25,'全体集計(入力)触るな(京都)'!$W$2:$W$501,"有効商談")) -> 0 | M25: =IF($B25="","",COUNTIFS('全体集計(入力)触るな(京都)'!$M$2:$M$501,$B25,'全体集計(入力)触るな(京都)'!$W$2:$W$501,"無効商談")) -> 0 | N25: =IF($B25="","",COUNTIFS('全体集計(入力)触るな(京都)'!$M$2:$M$501,$B25,'全体集計(入力)触るな(京都)'!$AF$2:$AF$501,"商談キャンセル")) -> 0 | O25: =IF($B25="","",COUNTIFS('全体集計(入力)触るな(京都)'!$M$2:$M$501,$B25,'全体集計(入力)触るな(京都)'!$Z$2:$Z$501,"決済者")) -> 0 | P25: =IF($B25="","",COUNTIFS('全体集計(入力)触るな(京都)'!$M$2:$M$501,$B25,'全体集計(入力)触るな(京都)'!$AF$2:$AF$501,"失注")) -> 0 | Q25: =IF($B25="","",COUNTIFS('全体集計(入力)触るな(京都)'!$M$2:$M$501,$B25,'全体集計(入力)触るな(京都)'!$W$2:$W$501,"有効商談",'全体集計(入力)触るな(京都)'!$AF$2:$AF$501,"失注")) -> 0 | R25: =IF($B25="","",COUNTIFS('全体集計(入力)触るな(京都)'!$M$2:$M$501,$B25,'全体集計(入力)触るな(京都)'!$W$2:$W$501,"有効商談",'全体集計(入力)触るな(京都)'!$X$2:$X$501,"検討")) -> 0 | S25: =IF($B25="","",COUNTIFS('全体集計(入力)触るな(京都)'!$M$2:$M$501,$B25,'全体集計(入力)触るな(京都)'!$AF$2:$AF$501,"受注")) -> 0 | T25: =IF($B25="","",COUNTIFS('全体集計(入力)触るな(京都)'!$M$2:$M$501,$B25,'全体集計(入力)触るな(京都)'!$AC$2:$AC$501,"⚪︎")) -> 0 | U25: =IF($B25="","",SUMIFS('全体集計(入力)触るな(京都)'!$AD$2:$AD$501,'全体集計(入力)触るな(京都)'!$M$2:$M$501,$B25,'全体集計(入力)触るな(京都)'!$AF$2:$AF$501,"受注")) -> 0 | V25: =IF($B25="","",INT(U25/10000)) -> 0 | W25: =IF($B25="","",SUMIFS(シフト入力!$N$2:$N$1501,シフト入力!$B$2:$B$1501,$B25,シフト入力!$A$2:$A$1501,"<="&TODAY())) -> 0 | X25: =IF($B25="","",IFERROR(C25/W25,0)) -> 0 | Y25: =IF($B25="","",IFERROR(G25/C25,0)) -> 0 | Z25: =IF($B25="","",IFERROR(S25/C25,0)) -> 0
B26: =IF(INDEX(マスタ!$B$2:$B$60,10)="","",INDEX(マスタ!$B$2:$B$60,10)) -> 荻野 | C26: =IF($B26="","",COUNTIFS('全体集計(入力)触るな(京都)'!$M$2:$M$501,$B26,'全体集計(入力)触るな(京都)'!$L$2:$L$501,"<>")) -> 0 | D26: =IF($B26="","",COUNTIFS('全体集計(入力)触るな(京都)'!$M$2:$M$501,$B26,'全体集計(入力)触るな(京都)'!$L$2:$L$501,"決済")+COUNTIFS('全体集計(入力)触るな(京都)'!$M$2:$M$501,$B26,'全体集計(入力)触るな(京都)'!$L$2:$L$501,"外人(決済)")) -> 0 | E26: =IF($B26="","",COUNTIFS('全体集計(入力)触るな(京都)'!$M$2:$M$501,$B26,'全体集計(入力)触るな(京都)'!$L$2:$L$501,"非決済")+COUNTIFS('全体集計(入力)触るな(京都)'!$M$2:$M$501,$B26,'全体集計(入力)触るな(京都)'!$L$2:$L$501,"外人(非決済)")) -> 0 | F26: =IF($B26="","",COUNTIFS('全体集計(入力)触るな(京都)'!$M$2:$M$501,$B26,'全体集計(入力)触るな(京都)'!$L$2:$L$501,"外人(決済)")+COUNTIFS('全体集計(入力)触るな(京都)'!$M$2:$M$501,$B26,'全体集計(入力)触るな(京都)'!$L$2:$L$501,"外人(非決済)")) -> 0 | G26: =IF($B26="","",COUNTIFS('全体集計(入力)触るな(京都)'!$M$2:$M$501,$B26,'全体集計(入力)触るな(京都)'!$Q$2:$Q$501,"OK")) -> 0 | H26: =IF($B26="","",COUNTIFS('全体集計(入力)触るな(京都)'!$M$2:$M$501,$B26,'全体集計(入力)触るな(京都)'!$L$2:$L$501,"決済",'全体集計(入力)触るな(京都)'!$Q$2:$Q$501,"OK")+COUNTIFS('全体集計(入力)触るな(京都)'!$M$2:$M$501,$B26,'全体集計(入力)触るな(京都)'!$L$2:$L$501,"外人(決済)",'全体集計(入力)触るな(京都)'!$Q$2:$Q$501,"OK")) -> 0 | I26: =IF($B26="","",COUNTIFS('全体集計(入力)触るな(京都)'!$M$2:$M$501,$B26,'全体集計(入力)触るな(京都)'!$Q$2:$Q$501,"NG")) -> 0 | J26: =IF($B26="","",COUNTIFS('全体集計(入力)触るな(京都)'!$M$2:$M$501,$B26,'全体集計(入力)触るな(京都)'!$V$2:$V$501,"リスケ")) -> 0 | K26: =IF($B26="","",COUNTIFS('全体集計(入力)触るな(京都)'!$M$2:$M$501,$B26,'全体集計(入力)触るな(京都)'!$W$2:$W$501,"有効商談")+COUNTIFS('全体集計(入力)触るな(京都)'!$M$2:$M$501,$B26,'全体集計(入力)触るな(京都)'!$W$2:$W$501,"無効商談")) -> 0 | L26: =IF($B26="","",COUNTIFS('全体集計(入力)触るな(京都)'!$M$2:$M$501,$B26,'全体集計(入力)触るな(京都)'!$W$2:$W$501,"有効商談")) -> 0 | M26: =IF($B26="","",COUNTIFS('全体集計(入力)触るな(京都)'!$M$2:$M$501,$B26,'全体集計(入力)触るな(京都)'!$W$2:$W$501,"無効商談")) -> 0 | N26: =IF($B26="","",COUNTIFS('全体集計(入力)触るな(京都)'!$M$2:$M$501,$B26,'全体集計(入力)触るな(京都)'!$AF$2:$AF$501,"商談キャンセル")) -> 0 | O26: =IF($B26="","",COUNTIFS('全体集計(入力)触るな(京都)'!$M$2:$M$501,$B26,'全体集計(入力)触るな(京都)'!$Z$2:$Z$501,"決済者")) -> 0 | P26: =IF($B26="","",COUNTIFS('全体集計(入力)触るな(京都)'!$M$2:$M$501,$B26,'全体集計(入力)触るな(京都)'!$AF$2:$AF$501,"失注")) -> 0 | Q26: =IF($B26="","",COUNTIFS('全体集計(入力)触るな(京都)'!$M$2:$M$501,$B26,'全体集計(入力)触るな(京都)'!$W$2:$W$501,"有効商談",'全体集計(入力)触るな(京都)'!$AF$2:$AF$501,"失注")) -> 0 | R26: =IF($B26="","",COUNTIFS('全体集計(入力)触るな(京都)'!$M$2:$M$501,$B26,'全体集計(入力)触るな(京都)'!$W$2:$W$501,"有効商談",'全体集計(入力)触るな(京都)'!$X$2:$X$501,"検討")) -> 0 | S26: =IF($B26="","",COUNTIFS('全体集計(入力)触るな(京都)'!$M$2:$M$501,$B26,'全体集計(入力)触るな(京都)'!$AF$2:$AF$501,"受注")) -> 0 | T26: =IF($B26="","",COUNTIFS('全体集計(入力)触るな(京都)'!$M$2:$M$501,$B26,'全体集計(入力)触るな(京都)'!$AC$2:$AC$501,"⚪︎")) -> 0 | U26: =IF($B26="","",SUMIFS('全体集計(入力)触るな(京都)'!$AD$2:$AD$501,'全体集計(入力)触るな(京都)'!$M$2:$M$501,$B26,'全体集計(入力)触るな(京都)'!$AF$2:$AF$501,"受注")) -> 0 | V26: =IF($B26="","",INT(U26/10000)) -> 0 | W26: =IF($B26="","",SUMIFS(シフト入力!$N$2:$N$1501,シフト入力!$B$2:$B$1501,$B26,シフト入力!$A$2:$A$1501,"<="&TODAY())) -> 0 | X26: =IF($B26="","",IFERROR(C26/W26,0)) -> 0 | Y26: =IF($B26="","",IFERROR(G26/C26,0)) -> 0 | Z26: =IF($B26="","",IFERROR(S26/C26,0)) -> 0
B27: =IF(INDEX(マスタ!$B$2:$B$60,11)="","",INDEX(マスタ!$B$2:$B$60,11)) -> 高岡 | C27: =IF($B27="","",COUNTIFS('全体集計(入力)触るな(京都)'!$M$2:$M$501,$B27,'全体集計(入力)触るな(京都)'!$L$2:$L$501,"<>")) -> 0 | D27: =IF($B27="","",COUNTIFS('全体集計(入力)触るな(京都)'!$M$2:$M$501,$B27,'全体集計(入力)触るな(京都)'!$L$2:$L$501,"決済")+COUNTIFS('全体集計(入力)触るな(京都)'!$M$2:$M$501,$B27,'全体集計(入力)触るな(京都)'!$L$2:$L$501,"外人(決済)")) -> 0 | E27: =IF($B27="","",COUNTIFS('全体集計(入力)触るな(京都)'!$M$2:$M$501,$B27,'全体集計(入力)触るな(京都)'!$L$2:$L$501,"非決済")+COUNTIFS('全体集計(入力)触るな(京都)'!$M$2:$M$501,$B27,'全体集計(入力)触るな(京都)'!$L$2:$L$501,"外人(非決済)")) -> 0 | F27: =IF($B27="","",COUNTIFS('全体集計(入力)触るな(京都)'!$M$2:$M$501,$B27,'全体集計(入力)触るな(京都)'!$L$2:$L$501,"外人(決済)")+COUNTIFS('全体集計(入力)触るな(京都)'!$M$2:$M$501,$B27,'全体集計(入力)触るな(京都)'!$L$2:$L$501,"外人(非決済)")) -> 0 | G27: =IF($B27="","",COUNTIFS('全体集計(入力)触るな(京都)'!$M$2:$M$501,$B27,'全体集計(入力)触るな(京都)'!$Q$2:$Q$501,"OK")) -> 0 | H27: =IF($B27="","",COUNTIFS('全体集計(入力)触るな(京都)'!$M$2:$M$501,$B27,'全体集計(入力)触るな(京都)'!$L$2:$L$501,"決済",'全体集計(入力)触るな(京都)'!$Q$2:$Q$501,"OK")+COUNTIFS('全体集計(入力)触るな(京都)'!$M$2:$M$501,$B27,'全体集計(入力)触るな(京都)'!$L$2:$L$501,"外人(決済)",'全体集計(入力)触るな(京都)'!$Q$2:$Q$501,"OK")) -> 0 | I27: =IF($B27="","",COUNTIFS('全体集計(入力)触るな(京都)'!$M$2:$M$501,$B27,'全体集計(入力)触るな(京都)'!$Q$2:$Q$501,"NG")) -> 0 | J27: =IF($B27="","",COUNTIFS('全体集計(入力)触るな(京都)'!$M$2:$M$501,$B27,'全体集計(入力)触るな(京都)'!$V$2:$V$501,"リスケ")) -> 0 | K27: =IF($B27="","",COUNTIFS('全体集計(入力)触るな(京都)'!$M$2:$M$501,$B27,'全体集計(入力)触るな(京都)'!$W$2:$W$501,"有効商談")+COUNTIFS('全体集計(入力)触るな(京都)'!$M$2:$M$501,$B27,'全体集計(入力)触るな(京都)'!$W$2:$W$501,"無効商談")) -> 0 | L27: =IF($B27="","",COUNTIFS('全体集計(入力)触るな(京都)'!$M$2:$M$501,$B27,'全体集計(入力)触るな(京都)'!$W$2:$W$501,"有効商談")) -> 0 | M27: =IF($B27="","",COUNTIFS('全体集計(入力)触るな(京都)'!$M$2:$M$501,$B27,'全体集計(入力)触るな(京都)'!$W$2:$W$501,"無効商談")) -> 0 | N27: =IF($B27="","",COUNTIFS('全体集計(入力)触るな(京都)'!$M$2:$M$501,$B27,'全体集計(入力)触るな(京都)'!$AF$2:$AF$501,"商談キャンセル")) -> 0 | O27: =IF($B27="","",COUNTIFS('全体集計(入力)触るな(京都)'!$M$2:$M$501,$B27,'全体集計(入力)触るな(京都)'!$Z$2:$Z$501,"決済者")) -> 0 | P27: =IF($B27="","",COUNTIFS('全体集計(入力)触るな(京都)'!$M$2:$M$501,$B27,'全体集計(入力)触るな(京都)'!$AF$2:$AF$501,"失注")) -> 0 | Q27: =IF($B27="","",COUNTIFS('全体集計(入力)触るな(京都)'!$M$2:$M$501,$B27,'全体集計(入力)触るな(京都)'!$W$2:$W$501,"有効商談",'全体集計(入力)触るな(京都)'!$AF$2:$AF$501,"失注")) -> 0 | R27: =IF($B27="","",COUNTIFS('全体集計(入力)触るな(京都)'!$M$2:$M$501,$B27,'全体集計(入力)触るな(京都)'!$W$2:$W$501,"有効商談",'全体集計(入力)触るな(京都)'!$X$2:$X$501,"検討")) -> 0 | S27: =IF($B27="","",COUNTIFS('全体集計(入力)触るな(京都)'!$M$2:$M$501,$B27,'全体集計(入力)触るな(京都)'!$AF$2:$AF$501,"受注")) -> 0 | T27: =IF($B27="","",COUNTIFS('全体集計(入力)触るな(京都)'!$M$2:$M$501,$B27,'全体集計(入力)触るな(京都)'!$AC$2:$AC$501,"⚪︎")) -> 0 | U27: =IF($B27="","",SUMIFS('全体集計(入力)触るな(京都)'!$AD$2:$AD$501,'全体集計(入力)触るな(京都)'!$M$2:$M$501,$B27,'全体集計(入力)触るな(京都)'!$AF$2:$AF$501,"受注")) -> 0 | V27: =IF($B27="","",INT(U27/10000)) -> 0 | W27: =IF($B27="","",SUMIFS(シフト入力!$N$2:$N$1501,シフト入力!$B$2:$B$1501,$B27,シフト入力!$A$2:$A$1501,"<="&TODAY())) -> 0 | X27: =IF($B27="","",IFERROR(C27/W27,0)) -> 0 | Y27: =IF($B27="","",IFERROR(G27/C27,0)) -> 0 | Z27: =IF($B27="","",IFERROR(S27/C27,0)) -> 0
B28: =IF(INDEX(マスタ!$B$2:$B$60,12)="","",INDEX(マスタ!$B$2:$B$60,12)) | C28: =IF($B28="","",COUNTIFS('全体集計(入力)触るな(京都)'!$M$2:$M$501,$B28,'全体集計(入力)触るな(京都)'!$L$2:$L$501,"<>")) | D28: =IF($B28="","",COUNTIFS('全体集計(入力)触るな(京都)'!$M$2:$M$501,$B28,'全体集計(入力)触るな(京都)'!$L$2:$L$501,"決済")+COUNTIFS('全体集計(入力)触るな(京都)'!$M$2:$M$501,$B28,'全体集計(入力)触るな(京都)'!$L$2:$L$501,"外人(決済)")) | E28: =IF($B28="","",COUNTIFS('全体集計(入力)触るな(京都)'!$M$2:$M$501,$B28,'全体集計(入力)触るな(京都)'!$L$2:$L$501,"非決済")+COUNTIFS('全体集計(入力)触るな(京都)'!$M$2:$M$501,$B28,'全体集計(入力)触るな(京都)'!$L$2:$L$501,"外人(非決済)")) | F28: =IF($B28="","",COUNTIFS('全体集計(入力)触るな(京都)'!$M$2:$M$501,$B28,'全体集計(入力)触るな(京都)'!$L$2:$L$501,"外人(決済)")+COUNTIFS('全体集計(入力)触るな(京都)'!$M$2:$M$501,$B28,'全体集計(入力)触るな(京都)'!$L$2:$L$501,"外人(非決済)")) | G28: =IF($B28="","",COUNTIFS('全体集計(入力)触るな(京都)'!$M$2:$M$501,$B28,'全体集計(入力)触るな(京都)'!$Q$2:$Q$501,"OK")) | H28: =IF($B28="","",COUNTIFS('全体集計(入力)触るな(京都)'!$M$2:$M$501,$B28,'全体集計(入力)触るな(京都)'!$L$2:$L$501,"決済",'全体集計(入力)触るな(京都)'!$Q$2:$Q$501,"OK")+COUNTIFS('全体集計(入力)触るな(京都)'!$M$2:$M$501,$B28,'全体集計(入力)触るな(京都)'!$L$2:$L$501,"外人(決済)",'全体集計(入力)触るな(京都)'!$Q$2:$Q$501,"OK")) | I28: =IF($B28="","",COUNTIFS('全体集計(入力)触るな(京都)'!$M$2:$M$501,$B28,'全体集計(入力)触るな(京都)'!$Q$2:$Q$501,"NG")) | J28: =IF($B28="","",COUNTIFS('全体集計(入力)触るな(京都)'!$M$2:$M$501,$B28,'全体集計(入力)触るな(京都)'!$V$2:$V$501,"リスケ")) | K28: =IF($B28="","",COUNTIFS('全体集計(入力)触るな(京都)'!$M$2:$M$501,$B28,'全体集計(入力)触るな(京都)'!$W$2:$W$501,"有効商談")+COUNTIFS('全体集計(入力)触るな(京都)'!$M$2:$M$501,$B28,'全体集計(入力)触るな(京都)'!$W$2:$W$501,"無効商談")) | L28: =IF($B28="","",COUNTIFS('全体集計(入力)触るな(京都)'!$M$2:$M$501,$B28,'全体集計(入力)触るな(京都)'!$W$2:$W$501,"有効商談")) | M28: =IF($B28="","",COUNTIFS('全体集計(入力)触るな(京都)'!$M$2:$M$501,$B28,'全体集計(入力)触るな(京都)'!$W$2:$W$501,"無効商談")) | N28: =IF($B28="","",COUNTIFS('全体集計(入力)触るな(京都)'!$M$2:$M$501,$B28,'全体集計(入力)触るな(京都)'!$AF$2:$AF$501,"商談キャンセル")) | O28: =IF($B28="","",COUNTIFS('全体集計(入力)触るな(京都)'!$M$2:$M$501,$B28,'全体集計(入力)触るな(京都)'!$Z$2:$Z$501,"決済者")) | P28: =IF($B28="","",COUNTIFS('全体集計(入力)触るな(京都)'!$M$2:$M$501,$B28,'全体集計(入力)触るな(京都)'!$AF$2:$AF$501,"失注")) | Q28: =IF($B28="","",COUNTIFS('全体集計(入力)触るな(京都)'!$M$2:$M$501,$B28,'全体集計(入力)触るな(京都)'!$W$2:$W$501,"有効商談",'全体集計(入力)触るな(京都)'!$AF$2:$AF$501,"失注")) | R28: =IF($B28="","",COUNTIFS('全体集計(入力)触るな(京都)'!$M$2:$M$501,$B28,'全体集計(入力)触るな(京都)'!$W$2:$W$501,"有効商談",'全体集計(入力)触るな(京都)'!$X$2:$X$501,"検討")) | S28: =IF($B28="","",COUNTIFS('全体集計(入力)触るな(京都)'!$M$2:$M$501,$B28,'全体集計(入力)触るな(京都)'!$AF$2:$AF$501,"受注")) | T28: =IF($B28="","",COUNTIFS('全体集計(入力)触るな(京都)'!$M$2:$M$501,$B28,'全体集計(入力)触るな(京都)'!$AC$2:$AC$501,"⚪︎")) | U28: =IF($B28="","",SUMIFS('全体集計(入力)触るな(京都)'!$AD$2:$AD$501,'全体集計(入力)触るな(京都)'!$M$2:$M$501,$B28,'全体集計(入力)触るな(京都)'!$AF$2:$AF$501,"受注")) | V28: =IF($B28="","",INT(U28/10000)) | W28: =IF($B28="","",SUMIFS(シフト入力!$N$2:$N$1501,シフト入力!$B$2:$B$1501,$B28,シフト入力!$A$2:$A$1501,"<="&TODAY())) | X28: =IF($B28="","",IFERROR(C28/W28,0)) | Y28: =IF($B28="","",IFERROR(G28/C28,0)) | Z28: =IF($B28="","",IFERROR(S28/C28,0))
B29: =IF(INDEX(マスタ!$B$2:$B$60,13)="","",INDEX(マスタ!$B$2:$B$60,13)) | C29: =IF($B29="","",COUNTIFS('全体集計(入力)触るな(京都)'!$M$2:$M$501,$B29,'全体集計(入力)触るな(京都)'!$L$2:$L$501,"<>")) | D29: =IF($B29="","",COUNTIFS('全体集計(入力)触るな(京都)'!$M$2:$M$501,$B29,'全体集計(入力)触るな(京都)'!$L$2:$L$501,"決済")+COUNTIFS('全体集計(入力)触るな(京都)'!$M$2:$M$501,$B29,'全体集計(入力)触るな(京都)'!$L$2:$L$501,"外人(決済)")) | E29: =IF($B29="","",COUNTIFS('全体集計(入力)触るな(京都)'!$M$2:$M$501,$B29,'全体集計(入力)触るな(京都)'!$L$2:$L$501,"非決済")+COUNTIFS('全体集計(入力)触るな(京都)'!$M$2:$M$501,$B29,'全体集計(入力)触るな(京都)'!$L$2:$L$501,"外人(非決済)")) | F29: =IF($B29="","",COUNTIFS('全体集計(入力)触るな(京都)'!$M$2:$M$501,$B29,'全体集計(入力)触るな(京都)'!$L$2:$L$501,"外人(決済)")+COUNTIFS('全体集計(入力)触るな(京都)'!$M$2:$M$501,$B29,'全体集計(入力)触るな(京都)'!$L$2:$L$501,"外人(非決済)")) | G29: =IF($B29="","",COUNTIFS('全体集計(入力)触るな(京都)'!$M$2:$M$501,$B29,'全体集計(入力)触るな(京都)'!$Q$2:$Q$501,"OK")) | H29: =IF($B29="","",COUNTIFS('全体集計(入力)触るな(京都)'!$M$2:$M$501,$B29,'全体集計(入力)触るな(京都)'!$L$2:$L$501,"決済",'全体集計(入力)触るな(京都)'!$Q$2:$Q$501,"OK")+COUNTIFS('全体集計(入力)触るな(京都)'!$M$2:$M$501,$B29,'全体集計(入力)触るな(京都)'!$L$2:$L$501,"外人(決済)",'全体集計(入力)触るな(京都)'!$Q$2:$Q$501,"OK")) | I29: =IF($B29="","",COUNTIFS('全体集計(入力)触るな(京都)'!$M$2:$M$501,$B29,'全体集計(入力)触るな(京都)'!$Q$2:$Q$501,"NG")) | J29: =IF($B29="","",COUNTIFS('全体集計(入力)触るな(京都)'!$M$2:$M$501,$B29,'全体集計(入力)触るな(京都)'!$V$2:$V$501,"リスケ")) | K29: =IF($B29="","",COUNTIFS('全体集計(入力)触るな(京都)'!$M$2:$M$501,$B29,'全体集計(入力)触るな(京都)'!$W$2:$W$501,"有効商談")+COUNTIFS('全体集計(入力)触るな(京都)'!$M$2:$M$501,$B29,'全体集計(入力)触るな(京都)'!$W$2:$W$501,"無効商談")) | L29: =IF($B29="","",COUNTIFS('全体集計(入力)触るな(京都)'!$M$2:$M$501,$B29,'全体集計(入力)触るな(京都)'!$W$2:$W$501,"有効商談")) | M29: =IF($B29="","",COUNTIFS('全体集計(入力)触るな(京都)'!$M$2:$M$501,$B29,'全体集計(入力)触るな(京都)'!$W$2:$W$501,"無効商談")) | N29: =IF($B29="","",COUNTIFS('全体集計(入力)触るな(京都)'!$M$2:$M$501,$B29,'全体集計(入力)触るな(京都)'!$AF$2:$AF$501,"商談キャンセル")) | O29: =IF($B29="","",COUNTIFS('全体集計(入力)触るな(京都)'!$M$2:$M$501,$B29,'全体集計(入力)触るな(京都)'!$Z$2:$Z$501,"決済者")) | P29: =IF($B29="","",COUNTIFS('全体集計(入力)触るな(京都)'!$M$2:$M$501,$B29,'全体集計(入力)触るな(京都)'!$AF$2:$AF$501,"失注")) | Q29: =IF($B29="","",COUNTIFS('全体集計(入力)触るな(京都)'!$M$2:$M$501,$B29,'全体集計(入力)触るな(京都)'!$W$2:$W$501,"有効商談",'全体集計(入力)触るな(京都)'!$AF$2:$AF$501,"失注")) | R29: =IF($B29="","",COUNTIFS('全体集計(入力)触るな(京都)'!$M$2:$M$501,$B29,'全体集計(入力)触るな(京都)'!$W$2:$W$501,"有効商談",'全体集計(入力)触るな(京都)'!$X$2:$X$501,"検討")) | S29: =IF($B29="","",COUNTIFS('全体集計(入力)触るな(京都)'!$M$2:$M$501,$B29,'全体集計(入力)触るな(京都)'!$AF$2:$AF$501,"受注")) | T29: =IF($B29="","",COUNTIFS('全体集計(入力)触るな(京都)'!$M$2:$M$501,$B29,'全体集計(入力)触るな(京都)'!$AC$2:$AC$501,"⚪︎")) | U29: =IF($B29="","",SUMIFS('全体集計(入力)触るな(京都)'!$AD$2:$AD$501,'全体集計(入力)触るな(京都)'!$M$2:$M$501,$B29,'全体集計(入力)触るな(京都)'!$AF$2:$AF$501,"受注")) | V29: =IF($B29="","",INT(U29/10000)) | W29: =IF($B29="","",SUMIFS(シフト入力!$N$2:$N$1501,シフト入力!$B$2:$B$1501,$B29,シフト入力!$A$2:$A$1501,"<="&TODAY())) | X29: =IF($B29="","",IFERROR(C29/W29,0)) | Y29: =IF($B29="","",IFERROR(G29/C29,0)) | Z29: =IF($B29="","",IFERROR(S29/C29,0))
B30: =IF(INDEX(マスタ!$B$2:$B$60,14)="","",INDEX(マスタ!$B$2:$B$60,14)) | C30: =IF($B30="","",COUNTIFS('全体集計(入力)触るな(京都)'!$M$2:$M$501,$B30,'全体集計(入力)触るな(京都)'!$L$2:$L$501,"<>")) | D30: =IF($B30="","",COUNTIFS('全体集計(入力)触るな(京都)'!$M$2:$M$501,$B30,'全体集計(入力)触るな(京都)'!$L$2:$L$501,"決済")+COUNTIFS('全体集計(入力)触るな(京都)'!$M$2:$M$501,$B30,'全体集計(入力)触るな(京都)'!$L$2:$L$501,"外人(決済)")) | E30: =IF($B30="","",COUNTIFS('全体集計(入力)触るな(京都)'!$M$2:$M$501,$B30,'全体集計(入力)触るな(京都)'!$L$2:$L$501,"非決済")+COUNTIFS('全体集計(入力)触るな(京都)'!$M$2:$M$501,$B30,'全体集計(入力)触るな(京都)'!$L$2:$L$501,"外人(非決済)")) | F30: =IF($B30="","",COUNTIFS('全体集計(入力)触るな(京都)'!$M$2:$M$501,$B30,'全体集計(入力)触るな(京都)'!$L$2:$L$501,"外人(決済)")+COUNTIFS('全体集計(入力)触るな(京都)'!$M$2:$M$501,$B30,'全体集計(入力)触るな(京都)'!$L$2:$L$501,"外人(非決済)")) | G30: =IF($B30="","",COUNTIFS('全体集計(入力)触るな(京都)'!$M$2:$M$501,$B30,'全体集計(入力)触るな(京都)'!$Q$2:$Q$501,"OK")) | H30: =IF($B30="","",COUNTIFS('全体集計(入力)触るな(京都)'!$M$2:$M$501,$B30,'全体集計(入力)触るな(京都)'!$L$2:$L$501,"決済",'全体集計(入力)触るな(京都)'!$Q$2:$Q$501,"OK")+COUNTIFS('全体集計(入力)触るな(京都)'!$M$2:$M$501,$B30,'全体集計(入力)触るな(京都)'!$L$2:$L$501,"外人(決済)",'全体集計(入力)触るな(京都)'!$Q$2:$Q$501,"OK")) | I30: =IF($B30="","",COUNTIFS('全体集計(入力)触るな(京都)'!$M$2:$M$501,$B30,'全体集計(入力)触るな(京都)'!$Q$2:$Q$501,"NG")) | J30: =IF($B30="","",COUNTIFS('全体集計(入力)触るな(京都)'!$M$2:$M$501,$B30,'全体集計(入力)触るな(京都)'!$V$2:$V$501,"リスケ")) | K30: =IF($B30="","",COUNTIFS('全体集計(入力)触るな(京都)'!$M$2:$M$501,$B30,'全体集計(入力)触るな(京都)'!$W$2:$W$501,"有効商談")+COUNTIFS('全体集計(入力)触るな(京都)'!$M$2:$M$501,$B30,'全体集計(入力)触るな(京都)'!$W$2:$W$501,"無効商談")) | L30: =IF($B30="","",COUNTIFS('全体集計(入力)触るな(京都)'!$M$2:$M$501,$B30,'全体集計(入力)触るな(京都)'!$W$2:$W$501,"有効商談")) | M30: =IF($B30="","",COUNTIFS('全体集計(入力)触るな(京都)'!$M$2:$M$501,$B30,'全体集計(入力)触るな(京都)'!$W$2:$W$501,"無効商談")) | N30: =IF($B30="","",COUNTIFS('全体集計(入力)触るな(京都)'!$M$2:$M$501,$B30,'全体集計(入力)触るな(京都)'!$AF$2:$AF$501,"商談キャンセル")) | O30: =IF($B30="","",COUNTIFS('全体集計(入力)触るな(京都)'!$M$2:$M$501,$B30,'全体集計(入力)触るな(京都)'!$Z$2:$Z$501,"決済者")) | P30: =IF($B30="","",COUNTIFS('全体集計(入力)触るな(京都)'!$M$2:$M$501,$B30,'全体集計(入力)触るな(京都)'!$AF$2:$AF$501,"失注")) | Q30: =IF($B30="","",COUNTIFS('全体集計(入力)触るな(京都)'!$M$2:$M$501,$B30,'全体集計(入力)触るな(京都)'!$W$2:$W$501,"有効商談",'全体集計(入力)触るな(京都)'!$AF$2:$AF$501,"失注")) | R30: =IF($B30="","",COUNTIFS('全体集計(入力)触るな(京都)'!$M$2:$M$501,$B30,'全体集計(入力)触るな(京都)'!$W$2:$W$501,"有効商談",'全体集計(入力)触るな(京都)'!$X$2:$X$501,"検討")) | S30: =IF($B30="","",COUNTIFS('全体集計(入力)触るな(京都)'!$M$2:$M$501,$B30,'全体集計(入力)触るな(京都)'!$AF$2:$AF$501,"受注")) | T30: =IF($B30="","",COUNTIFS('全体集計(入力)触るな(京都)'!$M$2:$M$501,$B30,'全体集計(入力)触るな(京都)'!$AC$2:$AC$501,"⚪︎")) | U30: =IF($B30="","",SUMIFS('全体集計(入力)触るな(京都)'!$AD$2:$AD$501,'全体集計(入力)触るな(京都)'!$M$2:$M$501,$B30,'全体集計(入力)触るな(京都)'!$AF$2:$AF$501,"受注")) | V30: =IF($B30="","",INT(U30/10000)) | W30: =IF($B30="","",SUMIFS(シフト入力!$N$2:$N$1501,シフト入力!$B$2:$B$1501,$B30,シフト入力!$A$2:$A$1501,"<="&TODAY())) | X30: =IF($B30="","",IFERROR(C30/W30,0)) | Y30: =IF($B30="","",IFERROR(G30/C30,0)) | Z30: =IF($B30="","",IFERROR(S30/C30,0))
B31: =IF(INDEX(マスタ!$B$2:$B$60,15)="","",INDEX(マスタ!$B$2:$B$60,15)) | C31: =IF($B31="","",COUNTIFS('全体集計(入力)触るな(京都)'!$M$2:$M$501,$B31,'全体集計(入力)触るな(京都)'!$L$2:$L$501,"<>")) | D31: =IF($B31="","",COUNTIFS('全体集計(入力)触るな(京都)'!$M$2:$M$501,$B31,'全体集計(入力)触るな(京都)'!$L$2:$L$501,"決済")+COUNTIFS('全体集計(入力)触るな(京都)'!$M$2:$M$501,$B31,'全体集計(入力)触るな(京都)'!$L$2:$L$501,"外人(決済)")) | E31: =IF($B31="","",COUNTIFS('全体集計(入力)触るな(京都)'!$M$2:$M$501,$B31,'全体集計(入力)触るな(京都)'!$L$2:$L$501,"非決済")+COUNTIFS('全体集計(入力)触るな(京都)'!$M$2:$M$501,$B31,'全体集計(入力)触るな(京都)'!$L$2:$L$501,"外人(非決済)")) | F31: =IF($B31="","",COUNTIFS('全体集計(入力)触るな(京都)'!$M$2:$M$501,$B31,'全体集計(入力)触るな(京都)'!$L$2:$L$501,"外人(決済)")+COUNTIFS('全体集計(入力)触るな(京都)'!$M$2:$M$501,$B31,'全体集計(入力)触るな(京都)'!$L$2:$L$501,"外人(非決済)")) | G31: =IF($B31="","",COUNTIFS('全体集計(入力)触るな(京都)'!$M$2:$M$501,$B31,'全体集計(入力)触るな(京都)'!$Q$2:$Q$501,"OK")) | H31: =IF($B31="","",COUNTIFS('全体集計(入力)触るな(京都)'!$M$2:$M$501,$B31,'全体集計(入力)触るな(京都)'!$L$2:$L$501,"決済",'全体集計(入力)触るな(京都)'!$Q$2:$Q$501,"OK")+COUNTIFS('全体集計(入力)触るな(京都)'!$M$2:$M$501,$B31,'全体集計(入力)触るな(京都)'!$L$2:$L$501,"外人(決済)",'全体集計(入力)触るな(京都)'!$Q$2:$Q$501,"OK")) | I31: =IF($B31="","",COUNTIFS('全体集計(入力)触るな(京都)'!$M$2:$M$501,$B31,'全体集計(入力)触るな(京都)'!$Q$2:$Q$501,"NG")) | J31: =IF($B31="","",COUNTIFS('全体集計(入力)触るな(京都)'!$M$2:$M$501,$B31,'全体集計(入力)触るな(京都)'!$V$2:$V$501,"リスケ")) | K31: =IF($B31="","",COUNTIFS('全体集計(入力)触るな(京都)'!$M$2:$M$501,$B31,'全体集計(入力)触るな(京都)'!$W$2:$W$501,"有効商談")+COUNTIFS('全体集計(入力)触るな(京都)'!$M$2:$M$501,$B31,'全体集計(入力)触るな(京都)'!$W$2:$W$501,"無効商談")) | L31: =IF($B31="","",COUNTIFS('全体集計(入力)触るな(京都)'!$M$2:$M$501,$B31,'全体集計(入力)触るな(京都)'!$W$2:$W$501,"有効商談")) | M31: =IF($B31="","",COUNTIFS('全体集計(入力)触るな(京都)'!$M$2:$M$501,$B31,'全体集計(入力)触るな(京都)'!$W$2:$W$501,"無効商談")) | N31: =IF($B31="","",COUNTIFS('全体集計(入力)触るな(京都)'!$M$2:$M$501,$B31,'全体集計(入力)触るな(京都)'!$AF$2:$AF$501,"商談キャンセル")) | O31: =IF($B31="","",COUNTIFS('全体集計(入力)触るな(京都)'!$M$2:$M$501,$B31,'全体集計(入力)触るな(京都)'!$Z$2:$Z$501,"決済者")) | P31: =IF($B31="","",COUNTIFS('全体集計(入力)触るな(京都)'!$M$2:$M$501,$B31,'全体集計(入力)触るな(京都)'!$AF$2:$AF$501,"失注")) | Q31: =IF($B31="","",COUNTIFS('全体集計(入力)触るな(京都)'!$M$2:$M$501,$B31,'全体集計(入力)触るな(京都)'!$W$2:$W$501,"有効商談",'全体集計(入力)触るな(京都)'!$AF$2:$AF$501,"失注")) | R31: =IF($B31="","",COUNTIFS('全体集計(入力)触るな(京都)'!$M$2:$M$501,$B31,'全体集計(入力)触るな(京都)'!$W$2:$W$501,"有効商談",'全体集計(入力)触るな(京都)'!$X$2:$X$501,"検討")) | S31: =IF($B31="","",COUNTIFS('全体集計(入力)触るな(京都)'!$M$2:$M$501,$B31,'全体集計(入力)触るな(京都)'!$AF$2:$AF$501,"受注")) | T31: =IF($B31="","",COUNTIFS('全体集計(入力)触るな(京都)'!$M$2:$M$501,$B31,'全体集計(入力)触るな(京都)'!$AC$2:$AC$501,"⚪︎")) | U31: =IF($B31="","",SUMIFS('全体集計(入力)触るな(京都)'!$AD$2:$AD$501,'全体集計(入力)触るな(京都)'!$M$2:$M$501,$B31,'全体集計(入力)触るな(京都)'!$AF$2:$AF$501,"受注")) | V31: =IF($B31="","",INT(U31/10000)) | W31: =IF($B31="","",SUMIFS(シフト入力!$N$2:$N$1501,シフト入力!$B$2:$B$1501,$B31,シフト入力!$A$2:$A$1501,"<="&TODAY())) | X31: =IF($B31="","",IFERROR(C31/W31,0)) | Y31: =IF($B31="","",IFERROR(G31/C31,0)) | Z31: =IF($B31="","",IFERROR(S31/C31,0))
B34: クローザー担当別数値（京都のアポ経由。自アポ込みの売上・順位は「クローザーサマリー」）
B35: 担当者 | C35: 商談割り当て | D35: リスケ | E35: 商談実行 | F35: 無効商談 | G35: 商談キャンセル | H35: 有効商談(決済) | I35: 有効商談(非決) | J35: 決済者 | K35: 非決済 | L35: 外人 | M35: 失注 | N35: 検討 | O35: 受注 | P35: 合計獲得プラン | Q35: 平均獲得プラン | R35: リスケ率 | S35: 商談実行率 | T35: 有効商談率 | U35: 決済率 | V35: 失注率 | W35: 受注率 | X35: 決済受注率
B36: =IF(INDEX(マスタ!$D$2:$D$60,1)="","",INDEX(マスタ!$D$2:$D$60,1)) -> 石山 | C36: =IF($B36="","",COUNTIFS('全体集計(入力)触るな(京都)'!$U$2:$U$501,$B36)) -> 0 | D36: =IF($B36="","",COUNTIFS('全体集計(入力)触るな(京都)'!$U$2:$U$501,$B36,'全体集計(入力)触るな(京都)'!$V$2:$V$501,"リスケ")) -> 0 | E36: =IF($B36="","",COUNTIFS('全体集計(入力)触るな(京都)'!$U$2:$U$501,$B36,'全体集計(入力)触るな(京都)'!$W$2:$W$501,"有効商談")+COUNTIFS('全体集計(入力)触るな(京都)'!$U$2:$U$501,$B36,'全体集計(入力)触るな(京都)'!$W$2:$W$501,"無効商談")) -> 0 | F36: =IF($B36="","",COUNTIFS('全体集計(入力)触るな(京都)'!$U$2:$U$501,$B36,'全体集計(入力)触るな(京都)'!$W$2:$W$501,"無効商談")) -> 0 | G36: =IF($B36="","",COUNTIFS('全体集計(入力)触るな(京都)'!$U$2:$U$501,$B36,'全体集計(入力)触るな(京都)'!$AF$2:$AF$501,"商談キャンセル")) -> 0 | H36: =IF($B36="","",COUNTIFS('全体集計(入力)触るな(京都)'!$U$2:$U$501,$B36,'全体集計(入力)触るな(京都)'!$W$2:$W$501,"有効商談",'全体集計(入力)触るな(京都)'!$Z$2:$Z$501,"決済者")) -> 0 | I36: =IF($B36="","",COUNTIFS('全体集計(入力)触るな(京都)'!$U$2:$U$501,$B36,'全体集計(入力)触るな(京都)'!$W$2:$W$501,"有効商談",'全体集計(入力)触るな(京都)'!$Z$2:$Z$501,"非決済")) -> 0 | J36: =IF($B36="","",COUNTIFS('全体集計(入力)触るな(京都)'!$U$2:$U$501,$B36,'全体集計(入力)触るな(京都)'!$Z$2:$Z$501,"決済者")) -> 0 | K36: =IF($B36="","",COUNTIFS('全体集計(入力)触るな(京都)'!$U$2:$U$501,$B36,'全体集計(入力)触るな(京都)'!$Z$2:$Z$501,"非決済")) -> 0 | L36: =IF($B36="","",COUNTIFS('全体集計(入力)触るな(京都)'!$U$2:$U$501,$B36,'全体集計(入力)触るな(京都)'!$AG$2:$AG$501,"外人")) -> 0 | M36: =IF($B36="","",COUNTIFS('全体集計(入力)触るな(京都)'!$U$2:$U$501,$B36,'全体集計(入力)触るな(京都)'!$AF$2:$AF$501,"失注")) -> 0 | N36: =IF($B36="","",COUNTIFS('全体集計(入力)触るな(京都)'!$U$2:$U$501,$B36,'全体集計(入力)触るな(京都)'!$X$2:$X$501,"検討")) -> 0 | O36: =IF($B36="","",COUNTIFS('全体集計(入力)触るな(京都)'!$U$2:$U$501,$B36,'全体集計(入力)触るな(京都)'!$AF$2:$AF$501,"受注")) -> 0 | P36: =IF($B36="","",SUMIFS('全体集計(入力)触るな(京都)'!$AD$2:$AD$501,'全体集計(入力)触るな(京都)'!$U$2:$U$501,$B36,'全体集計(入力)触るな(京都)'!$AF$2:$AF$501,"受注")) -> 0 | Q36: =IF($B36="","",IFERROR(P36/O36,0)) -> 0 | R36: =IF($B36="","",IFERROR(D36/C36,0)) -> 0 | S36: =IF($B36="","",IFERROR(E36/C36,0)) -> 0 | T36: =IF($B36="","",IFERROR((H36+I36)/E36,0)) -> 0 | U36: =IF($B36="","",IFERROR(J36/E36,0)) -> 0 | V36: =IF($B36="","",IFERROR(M36/E36,0)) -> 0 | W36: =IF($B36="","",IFERROR(O36/E36,0)) -> 0 | X36: =IF($B36="","",IFERROR(O36/J36,0)) -> 0
B37: =IF(INDEX(マスタ!$D$2:$D$60,2)="","",INDEX(マスタ!$D$2:$D$60,2)) -> 荻野 | C37: =IF($B37="","",COUNTIFS('全体集計(入力)触るな(京都)'!$U$2:$U$501,$B37)) -> 0 | D37: =IF($B37="","",COUNTIFS('全体集計(入力)触るな(京都)'!$U$2:$U$501,$B37,'全体集計(入力)触るな(京都)'!$V$2:$V$501,"リスケ")) -> 0 | E37: =IF($B37="","",COUNTIFS('全体集計(入力)触るな(京都)'!$U$2:$U$501,$B37,'全体集計(入力)触るな(京都)'!$W$2:$W$501,"有効商談")+COUNTIFS('全体集計(入力)触るな(京都)'!$U$2:$U$501,$B37,'全体集計(入力)触るな(京都)'!$W$2:$W$501,"無効商談")) -> 0 | F37: =IF($B37="","",COUNTIFS('全体集計(入力)触るな(京都)'!$U$2:$U$501,$B37,'全体集計(入力)触るな(京都)'!$W$2:$W$501,"無効商談")) -> 0 | G37: =IF($B37="","",COUNTIFS('全体集計(入力)触るな(京都)'!$U$2:$U$501,$B37,'全体集計(入力)触るな(京都)'!$AF$2:$AF$501,"商談キャンセル")) -> 0 | H37: =IF($B37="","",COUNTIFS('全体集計(入力)触るな(京都)'!$U$2:$U$501,$B37,'全体集計(入力)触るな(京都)'!$W$2:$W$501,"有効商談",'全体集計(入力)触るな(京都)'!$Z$2:$Z$501,"決済者")) -> 0 | I37: =IF($B37="","",COUNTIFS('全体集計(入力)触るな(京都)'!$U$2:$U$501,$B37,'全体集計(入力)触るな(京都)'!$W$2:$W$501,"有効商談",'全体集計(入力)触るな(京都)'!$Z$2:$Z$501,"非決済")) -> 0 | J37: =IF($B37="","",COUNTIFS('全体集計(入力)触るな(京都)'!$U$2:$U$501,$B37,'全体集計(入力)触るな(京都)'!$Z$2:$Z$501,"決済者")) -> 0 | K37: =IF($B37="","",COUNTIFS('全体集計(入力)触るな(京都)'!$U$2:$U$501,$B37,'全体集計(入力)触るな(京都)'!$Z$2:$Z$501,"非決済")) -> 0 | L37: =IF($B37="","",COUNTIFS('全体集計(入力)触るな(京都)'!$U$2:$U$501,$B37,'全体集計(入力)触るな(京都)'!$AG$2:$AG$501,"外人")) -> 0 | M37: =IF($B37="","",COUNTIFS('全体集計(入力)触るな(京都)'!$U$2:$U$501,$B37,'全体集計(入力)触るな(京都)'!$AF$2:$AF$501,"失注")) -> 0 | N37: =IF($B37="","",COUNTIFS('全体集計(入力)触るな(京都)'!$U$2:$U$501,$B37,'全体集計(入力)触るな(京都)'!$X$2:$X$501,"検討")) -> 0 | O37: =IF($B37="","",COUNTIFS('全体集計(入力)触るな(京都)'!$U$2:$U$501,$B37,'全体集計(入力)触るな(京都)'!$AF$2:$AF$501,"受注")) -> 0 | P37: =IF($B37="","",SUMIFS('全体集計(入力)触るな(京都)'!$AD$2:$AD$501,'全体集計(入力)触るな(京都)'!$U$2:$U$501,$B37,'全体集計(入力)触るな(京都)'!$AF$2:$AF$501,"受注")) -> 0 | Q37: =IF($B37="","",IFERROR(P37/O37,0)) -> 0 | R37: =IF($B37="","",IFERROR(D37/C37,0)) -> 0 | S37: =IF($B37="","",IFERROR(E37/C37,0)) -> 0 | T37: =IF($B37="","",IFERROR((H37+I37)/E37,0)) -> 0 | U37: =IF($B37="","",IFERROR(J37/E37,0)) -> 0 | V37: =IF($B37="","",IFERROR(M37/E37,0)) -> 0 | W37: =IF($B37="","",IFERROR(O37/E37,0)) -> 0 | X37: =IF($B37="","",IFERROR(O37/J37,0)) -> 0
B38: =IF(INDEX(マスタ!$D$2:$D$60,3)="","",INDEX(マスタ!$D$2:$D$60,3)) -> 吉村 | C38: =IF($B38="","",COUNTIFS('全体集計(入力)触るな(京都)'!$U$2:$U$501,$B38)) -> 0 | D38: =IF($B38="","",COUNTIFS('全体集計(入力)触るな(京都)'!$U$2:$U$501,$B38,'全体集計(入力)触るな(京都)'!$V$2:$V$501,"リスケ")) -> 0 | E38: =IF($B38="","",COUNTIFS('全体集計(入力)触るな(京都)'!$U$2:$U$501,$B38,'全体集計(入力)触るな(京都)'!$W$2:$W$501,"有効商談")+COUNTIFS('全体集計(入力)触るな(京都)'!$U$2:$U$501,$B38,'全体集計(入力)触るな(京都)'!$W$2:$W$501,"無効商談")) -> 0 | F38: =IF($B38="","",COUNTIFS('全体集計(入力)触るな(京都)'!$U$2:$U$501,$B38,'全体集計(入力)触るな(京都)'!$W$2:$W$501,"無効商談")) -> 0 | G38: =IF($B38="","",COUNTIFS('全体集計(入力)触るな(京都)'!$U$2:$U$501,$B38,'全体集計(入力)触るな(京都)'!$AF$2:$AF$501,"商談キャンセル")) -> 0 | H38: =IF($B38="","",COUNTIFS('全体集計(入力)触るな(京都)'!$U$2:$U$501,$B38,'全体集計(入力)触るな(京都)'!$W$2:$W$501,"有効商談",'全体集計(入力)触るな(京都)'!$Z$2:$Z$501,"決済者")) -> 0 | I38: =IF($B38="","",COUNTIFS('全体集計(入力)触るな(京都)'!$U$2:$U$501,$B38,'全体集計(入力)触るな(京都)'!$W$2:$W$501,"有効商談",'全体集計(入力)触るな(京都)'!$Z$2:$Z$501,"非決済")) -> 0 | J38: =IF($B38="","",COUNTIFS('全体集計(入力)触るな(京都)'!$U$2:$U$501,$B38,'全体集計(入力)触るな(京都)'!$Z$2:$Z$501,"決済者")) -> 0 | K38: =IF($B38="","",COUNTIFS('全体集計(入力)触るな(京都)'!$U$2:$U$501,$B38,'全体集計(入力)触るな(京都)'!$Z$2:$Z$501,"非決済")) -> 0 | L38: =IF($B38="","",COUNTIFS('全体集計(入力)触るな(京都)'!$U$2:$U$501,$B38,'全体集計(入力)触るな(京都)'!$AG$2:$AG$501,"外人")) -> 0 | M38: =IF($B38="","",COUNTIFS('全体集計(入力)触るな(京都)'!$U$2:$U$501,$B38,'全体集計(入力)触るな(京都)'!$AF$2:$AF$501,"失注")) -> 0 | N38: =IF($B38="","",COUNTIFS('全体集計(入力)触るな(京都)'!$U$2:$U$501,$B38,'全体集計(入力)触るな(京都)'!$X$2:$X$501,"検討")) -> 0 | O38: =IF($B38="","",COUNTIFS('全体集計(入力)触るな(京都)'!$U$2:$U$501,$B38,'全体集計(入力)触るな(京都)'!$AF$2:$AF$501,"受注")) -> 0 | P38: =IF($B38="","",SUMIFS('全体集計(入力)触るな(京都)'!$AD$2:$AD$501,'全体集計(入力)触るな(京都)'!$U$2:$U$501,$B38,'全体集計(入力)触るな(京都)'!$AF$2:$AF$501,"受注")) -> 0 | Q38: =IF($B38="","",IFERROR(P38/O38,0)) -> 0 | R38: =IF($B38="","",IFERROR(D38/C38,0)) -> 0 | S38: =IF($B38="","",IFERROR(E38/C38,0)) -> 0 | T38: =IF($B38="","",IFERROR((H38+I38)/E38,0)) -> 0 | U38: =IF($B38="","",IFERROR(J38/E38,0)) -> 0 | V38: =IF($B38="","",IFERROR(M38/E38,0)) -> 0 | W38: =IF($B38="","",IFERROR(O38/E38,0)) -> 0 | X38: =IF($B38="","",IFERROR(O38/J38,0)) -> 0
B39: =IF(INDEX(マスタ!$D$2:$D$60,4)="","",INDEX(マスタ!$D$2:$D$60,4)) -> 篠原 | C39: =IF($B39="","",COUNTIFS('全体集計(入力)触るな(京都)'!$U$2:$U$501,$B39)) -> 0 | D39: =IF($B39="","",COUNTIFS('全体集計(入力)触るな(京都)'!$U$2:$U$501,$B39,'全体集計(入力)触るな(京都)'!$V$2:$V$501,"リスケ")) -> 0 | E39: =IF($B39="","",COUNTIFS('全体集計(入力)触るな(京都)'!$U$2:$U$501,$B39,'全体集計(入力)触るな(京都)'!$W$2:$W$501,"有効商談")+COUNTIFS('全体集計(入力)触るな(京都)'!$U$2:$U$501,$B39,'全体集計(入力)触るな(京都)'!$W$2:$W$501,"無効商談")) -> 0 | F39: =IF($B39="","",COUNTIFS('全体集計(入力)触るな(京都)'!$U$2:$U$501,$B39,'全体集計(入力)触るな(京都)'!$W$2:$W$501,"無効商談")) -> 0 | G39: =IF($B39="","",COUNTIFS('全体集計(入力)触るな(京都)'!$U$2:$U$501,$B39,'全体集計(入力)触るな(京都)'!$AF$2:$AF$501,"商談キャンセル")) -> 0 | H39: =IF($B39="","",COUNTIFS('全体集計(入力)触るな(京都)'!$U$2:$U$501,$B39,'全体集計(入力)触るな(京都)'!$W$2:$W$501,"有効商談",'全体集計(入力)触るな(京都)'!$Z$2:$Z$501,"決済者")) -> 0 | I39: =IF($B39="","",COUNTIFS('全体集計(入力)触るな(京都)'!$U$2:$U$501,$B39,'全体集計(入力)触るな(京都)'!$W$2:$W$501,"有効商談",'全体集計(入力)触るな(京都)'!$Z$2:$Z$501,"非決済")) -> 0 | J39: =IF($B39="","",COUNTIFS('全体集計(入力)触るな(京都)'!$U$2:$U$501,$B39,'全体集計(入力)触るな(京都)'!$Z$2:$Z$501,"決済者")) -> 0 | K39: =IF($B39="","",COUNTIFS('全体集計(入力)触るな(京都)'!$U$2:$U$501,$B39,'全体集計(入力)触るな(京都)'!$Z$2:$Z$501,"非決済")) -> 0 | L39: =IF($B39="","",COUNTIFS('全体集計(入力)触るな(京都)'!$U$2:$U$501,$B39,'全体集計(入力)触るな(京都)'!$AG$2:$AG$501,"外人")) -> 0 | M39: =IF($B39="","",COUNTIFS('全体集計(入力)触るな(京都)'!$U$2:$U$501,$B39,'全体集計(入力)触るな(京都)'!$AF$2:$AF$501,"失注")) -> 0 | N39: =IF($B39="","",COUNTIFS('全体集計(入力)触るな(京都)'!$U$2:$U$501,$B39,'全体集計(入力)触るな(京都)'!$X$2:$X$501,"検討")) -> 0 | O39: =IF($B39="","",COUNTIFS('全体集計(入力)触るな(京都)'!$U$2:$U$501,$B39,'全体集計(入力)触るな(京都)'!$AF$2:$AF$501,"受注")) -> 0 | P39: =IF($B39="","",SUMIFS('全体集計(入力)触るな(京都)'!$AD$2:$AD$501,'全体集計(入力)触るな(京都)'!$U$2:$U$501,$B39,'全体集計(入力)触るな(京都)'!$AF$2:$AF$501,"受注")) -> 0 | Q39: =IF($B39="","",IFERROR(P39/O39,0)) -> 0 | R39: =IF($B39="","",IFERROR(D39/C39,0)) -> 0 | S39: =IF($B39="","",IFERROR(E39/C39,0)) -> 0 | T39: =IF($B39="","",IFERROR((H39+I39)/E39,0)) -> 0 | U39: =IF($B39="","",IFERROR(J39/E39,0)) -> 0 | V39: =IF($B39="","",IFERROR(M39/E39,0)) -> 0 | W39: =IF($B39="","",IFERROR(O39/E39,0)) -> 0 | X39: =IF($B39="","",IFERROR(O39/J39,0)) -> 0
B40: =IF(INDEX(マスタ!$D$2:$D$60,5)="","",INDEX(マスタ!$D$2:$D$60,5)) | C40: =IF($B40="","",COUNTIFS('全体集計(入力)触るな(京都)'!$U$2:$U$501,$B40)) | D40: =IF($B40="","",COUNTIFS('全体集計(入力)触るな(京都)'!$U$2:$U$501,$B40,'全体集計(入力)触るな(京都)'!$V$2:$V$501,"リスケ")) | E40: =IF($B40="","",COUNTIFS('全体集計(入力)触るな(京都)'!$U$2:$U$501,$B40,'全体集計(入力)触るな(京都)'!$W$2:$W$501,"有効商談")+COUNTIFS('全体集計(入力)触るな(京都)'!$U$2:$U$501,$B40,'全体集計(入力)触るな(京都)'!$W$2:$W$501,"無効商談")) | F40: =IF($B40="","",COUNTIFS('全体集計(入力)触るな(京都)'!$U$2:$U$501,$B40,'全体集計(入力)触るな(京都)'!$W$2:$W$501,"無効商談")) | G40: =IF($B40="","",COUNTIFS('全体集計(入力)触るな(京都)'!$U$2:$U$501,$B40,'全体集計(入力)触るな(京都)'!$AF$2:$AF$501,"商談キャンセル")) | H40: =IF($B40="","",COUNTIFS('全体集計(入力)触るな(京都)'!$U$2:$U$501,$B40,'全体集計(入力)触るな(京都)'!$W$2:$W$501,"有効商談",'全体集計(入力)触るな(京都)'!$Z$2:$Z$501,"決済者")) | I40: =IF($B40="","",COUNTIFS('全体集計(入力)触るな(京都)'!$U$2:$U$501,$B40,'全体集計(入力)触るな(京都)'!$W$2:$W$501,"有効商談",'全体集計(入力)触るな(京都)'!$Z$2:$Z$501,"非決済")) | J40: =IF($B40="","",COUNTIFS('全体集計(入力)触るな(京都)'!$U$2:$U$501,$B40,'全体集計(入力)触るな(京都)'!$Z$2:$Z$501,"決済者")) | K40: =IF($B40="","",COUNTIFS('全体集計(入力)触るな(京都)'!$U$2:$U$501,$B40,'全体集計(入力)触るな(京都)'!$Z$2:$Z$501,"非決済")) | L40: =IF($B40="","",COUNTIFS('全体集計(入力)触るな(京都)'!$U$2:$U$501,$B40,'全体集計(入力)触るな(京都)'!$AG$2:$AG$501,"外人")) | M40: =IF($B40="","",COUNTIFS('全体集計(入力)触るな(京都)'!$U$2:$U$501,$B40,'全体集計(入力)触るな(京都)'!$AF$2:$AF$501,"失注")) | N40: =IF($B40="","",COUNTIFS('全体集計(入力)触るな(京都)'!$U$2:$U$501,$B40,'全体集計(入力)触るな(京都)'!$X$2:$X$501,"検討")) | O40: =IF($B40="","",COUNTIFS('全体集計(入力)触るな(京都)'!$U$2:$U$501,$B40,'全体集計(入力)触るな(京都)'!$AF$2:$AF$501,"受注")) | P40: =IF($B40="","",SUMIFS('全体集計(入力)触るな(京都)'!$AD$2:$AD$501,'全体集計(入力)触るな(京都)'!$U$2:$U$501,$B40,'全体集計(入力)触るな(京都)'!$AF$2:$AF$501,"受注")) | Q40: =IF($B40="","",IFERROR(P40/O40,0)) | R40: =IF($B40="","",IFERROR(D40/C40,0)) | S40: =IF($B40="","",IFERROR(E40/C40,0)) | T40: =IF($B40="","",IFERROR((H40+I40)/E40,0)) | U40: =IF($B40="","",IFERROR(J40/E40,0)) | V40: =IF($B40="","",IFERROR(M40/E40,0)) | W40: =IF($B40="","",IFERROR(O40/E40,0)) | X40: =IF($B40="","",IFERROR(O40/J40,0))
B41: =IF(INDEX(マスタ!$D$2:$D$60,6)="","",INDEX(マスタ!$D$2:$D$60,6)) | C41: =IF($B41="","",COUNTIFS('全体集計(入力)触るな(京都)'!$U$2:$U$501,$B41)) | D41: =IF($B41="","",COUNTIFS('全体集計(入力)触るな(京都)'!$U$2:$U$501,$B41,'全体集計(入力)触るな(京都)'!$V$2:$V$501,"リスケ")) | E41: =IF($B41="","",COUNTIFS('全体集計(入力)触るな(京都)'!$U$2:$U$501,$B41,'全体集計(入力)触るな(京都)'!$W$2:$W$501,"有効商談")+COUNTIFS('全体集計(入力)触るな(京都)'!$U$2:$U$501,$B41,'全体集計(入力)触るな(京都)'!$W$2:$W$501,"無効商談")) | F41: =IF($B41="","",COUNTIFS('全体集計(入力)触るな(京都)'!$U$2:$U$501,$B41,'全体集計(入力)触るな(京都)'!$W$2:$W$501,"無効商談")) | G41: =IF($B41="","",COUNTIFS('全体集計(入力)触るな(京都)'!$U$2:$U$501,$B41,'全体集計(入力)触るな(京都)'!$AF$2:$AF$501,"商談キャンセル")) | H41: =IF($B41="","",COUNTIFS('全体集計(入力)触るな(京都)'!$U$2:$U$501,$B41,'全体集計(入力)触るな(京都)'!$W$2:$W$501,"有効商談",'全体集計(入力)触るな(京都)'!$Z$2:$Z$501,"決済者")) | I41: =IF($B41="","",COUNTIFS('全体集計(入力)触るな(京都)'!$U$2:$U$501,$B41,'全体集計(入力)触るな(京都)'!$W$2:$W$501,"有効商談",'全体集計(入力)触るな(京都)'!$Z$2:$Z$501,"非決済")) | J41: =IF($B41="","",COUNTIFS('全体集計(入力)触るな(京都)'!$U$2:$U$501,$B41,'全体集計(入力)触るな(京都)'!$Z$2:$Z$501,"決済者")) | K41: =IF($B41="","",COUNTIFS('全体集計(入力)触るな(京都)'!$U$2:$U$501,$B41,'全体集計(入力)触るな(京都)'!$Z$2:$Z$501,"非決済")) | L41: =IF($B41="","",COUNTIFS('全体集計(入力)触るな(京都)'!$U$2:$U$501,$B41,'全体集計(入力)触るな(京都)'!$AG$2:$AG$501,"外人")) | M41: =IF($B41="","",COUNTIFS('全体集計(入力)触るな(京都)'!$U$2:$U$501,$B41,'全体集計(入力)触るな(京都)'!$AF$2:$AF$501,"失注")) | N41: =IF($B41="","",COUNTIFS('全体集計(入力)触るな(京都)'!$U$2:$U$501,$B41,'全体集計(入力)触るな(京都)'!$X$2:$X$501,"検討")) | O41: =IF($B41="","",COUNTIFS('全体集計(入力)触るな(京都)'!$U$2:$U$501,$B41,'全体集計(入力)触るな(京都)'!$AF$2:$AF$501,"受注")) | P41: =IF($B41="","",SUMIFS('全体集計(入力)触るな(京都)'!$AD$2:$AD$501,'全体集計(入力)触るな(京都)'!$U$2:$U$501,$B41,'全体集計(入力)触るな(京都)'!$AF$2:$AF$501,"受注")) | Q41: =IF($B41="","",IFERROR(P41/O41,0)) | R41: =IF($B41="","",IFERROR(D41/C41,0)) | S41: =IF($B41="","",IFERROR(E41/C41,0)) | T41: =IF($B41="","",IFERROR((H41+I41)/E41,0)) | U41: =IF($B41="","",IFERROR(J41/E41,0)) | V41: =IF($B41="","",IFERROR(M41/E41,0)) | W41: =IF($B41="","",IFERROR(O41/E41,0)) | X41: =IF($B41="","",IFERROR(O41/J41,0))
B42: =IF(INDEX(マスタ!$D$2:$D$60,7)="","",INDEX(マスタ!$D$2:$D$60,7)) | C42: =IF($B42="","",COUNTIFS('全体集計(入力)触るな(京都)'!$U$2:$U$501,$B42)) | D42: =IF($B42="","",COUNTIFS('全体集計(入力)触るな(京都)'!$U$2:$U$501,$B42,'全体集計(入力)触るな(京都)'!$V$2:$V$501,"リスケ")) | E42: =IF($B42="","",COUNTIFS('全体集計(入力)触るな(京都)'!$U$2:$U$501,$B42,'全体集計(入力)触るな(京都)'!$W$2:$W$501,"有効商談")+COUNTIFS('全体集計(入力)触るな(京都)'!$U$2:$U$501,$B42,'全体集計(入力)触るな(京都)'!$W$2:$W$501,"無効商談")) | F42: =IF($B42="","",COUNTIFS('全体集計(入力)触るな(京都)'!$U$2:$U$501,$B42,'全体集計(入力)触るな(京都)'!$W$2:$W$501,"無効商談")) | G42: =IF($B42="","",COUNTIFS('全体集計(入力)触るな(京都)'!$U$2:$U$501,$B42,'全体集計(入力)触るな(京都)'!$AF$2:$AF$501,"商談キャンセル")) | H42: =IF($B42="","",COUNTIFS('全体集計(入力)触るな(京都)'!$U$2:$U$501,$B42,'全体集計(入力)触るな(京都)'!$W$2:$W$501,"有効商談",'全体集計(入力)触るな(京都)'!$Z$2:$Z$501,"決済者")) | I42: =IF($B42="","",COUNTIFS('全体集計(入力)触るな(京都)'!$U$2:$U$501,$B42,'全体集計(入力)触るな(京都)'!$W$2:$W$501,"有効商談",'全体集計(入力)触るな(京都)'!$Z$2:$Z$501,"非決済")) | J42: =IF($B42="","",COUNTIFS('全体集計(入力)触るな(京都)'!$U$2:$U$501,$B42,'全体集計(入力)触るな(京都)'!$Z$2:$Z$501,"決済者")) | K42: =IF($B42="","",COUNTIFS('全体集計(入力)触るな(京都)'!$U$2:$U$501,$B42,'全体集計(入力)触るな(京都)'!$Z$2:$Z$501,"非決済")) | L42: =IF($B42="","",COUNTIFS('全体集計(入力)触るな(京都)'!$U$2:$U$501,$B42,'全体集計(入力)触るな(京都)'!$AG$2:$AG$501,"外人")) | M42: =IF($B42="","",COUNTIFS('全体集計(入力)触るな(京都)'!$U$2:$U$501,$B42,'全体集計(入力)触るな(京都)'!$AF$2:$AF$501,"失注")) | N42: =IF($B42="","",COUNTIFS('全体集計(入力)触るな(京都)'!$U$2:$U$501,$B42,'全体集計(入力)触るな(京都)'!$X$2:$X$501,"検討")) | O42: =IF($B42="","",COUNTIFS('全体集計(入力)触るな(京都)'!$U$2:$U$501,$B42,'全体集計(入力)触るな(京都)'!$AF$2:$AF$501,"受注")) | P42: =IF($B42="","",SUMIFS('全体集計(入力)触るな(京都)'!$AD$2:$AD$501,'全体集計(入力)触るな(京都)'!$U$2:$U$501,$B42,'全体集計(入力)触るな(京都)'!$AF$2:$AF$501,"受注")) | Q42: =IF($B42="","",IFERROR(P42/O42,0)) | R42: =IF($B42="","",IFERROR(D42/C42,0)) | S42: =IF($B42="","",IFERROR(E42/C42,0)) | T42: =IF($B42="","",IFERROR((H42+I42)/E42,0)) | U42: =IF($B42="","",IFERROR(J42/E42,0)) | V42: =IF($B42="","",IFERROR(M42/E42,0)) | W42: =IF($B42="","",IFERROR(O42/E42,0)) | X42: =IF($B42="","",IFERROR(O42/J42,0))
B43: =IF(INDEX(マスタ!$D$2:$D$60,8)="","",INDEX(マスタ!$D$2:$D$60,8)) | C43: =IF($B43="","",COUNTIFS('全体集計(入力)触るな(京都)'!$U$2:$U$501,$B43)) | D43: =IF($B43="","",COUNTIFS('全体集計(入力)触るな(京都)'!$U$2:$U$501,$B43,'全体集計(入力)触るな(京都)'!$V$2:$V$501,"リスケ")) | E43: =IF($B43="","",COUNTIFS('全体集計(入力)触るな(京都)'!$U$2:$U$501,$B43,'全体集計(入力)触るな(京都)'!$W$2:$W$501,"有効商談")+COUNTIFS('全体集計(入力)触るな(京都)'!$U$2:$U$501,$B43,'全体集計(入力)触るな(京都)'!$W$2:$W$501,"無効商談")) | F43: =IF($B43="","",COUNTIFS('全体集計(入力)触るな(京都)'!$U$2:$U$501,$B43,'全体集計(入力)触るな(京都)'!$W$2:$W$501,"無効商談")) | G43: =IF($B43="","",COUNTIFS('全体集計(入力)触るな(京都)'!$U$2:$U$501,$B43,'全体集計(入力)触るな(京都)'!$AF$2:$AF$501,"商談キャンセル")) | H43: =IF($B43="","",COUNTIFS('全体集計(入力)触るな(京都)'!$U$2:$U$501,$B43,'全体集計(入力)触るな(京都)'!$W$2:$W$501,"有効商談",'全体集計(入力)触るな(京都)'!$Z$2:$Z$501,"決済者")) | I43: =IF($B43="","",COUNTIFS('全体集計(入力)触るな(京都)'!$U$2:$U$501,$B43,'全体集計(入力)触るな(京都)'!$W$2:$W$501,"有効商談",'全体集計(入力)触るな(京都)'!$Z$2:$Z$501,"非決済")) | J43: =IF($B43="","",COUNTIFS('全体集計(入力)触るな(京都)'!$U$2:$U$501,$B43,'全体集計(入力)触るな(京都)'!$Z$2:$Z$501,"決済者")) | K43: =IF($B43="","",COUNTIFS('全体集計(入力)触るな(京都)'!$U$2:$U$501,$B43,'全体集計(入力)触るな(京都)'!$Z$2:$Z$501,"非決済")) | L43: =IF($B43="","",COUNTIFS('全体集計(入力)触るな(京都)'!$U$2:$U$501,$B43,'全体集計(入力)触るな(京都)'!$AG$2:$AG$501,"外人")) | M43: =IF($B43="","",COUNTIFS('全体集計(入力)触るな(京都)'!$U$2:$U$501,$B43,'全体集計(入力)触るな(京都)'!$AF$2:$AF$501,"失注")) | N43: =IF($B43="","",COUNTIFS('全体集計(入力)触るな(京都)'!$U$2:$U$501,$B43,'全体集計(入力)触るな(京都)'!$X$2:$X$501,"検討")) | O43: =IF($B43="","",COUNTIFS('全体集計(入力)触るな(京都)'!$U$2:$U$501,$B43,'全体集計(入力)触るな(京都)'!$AF$2:$AF$501,"受注")) | P43: =IF($B43="","",SUMIFS('全体集計(入力)触るな(京都)'!$AD$2:$AD$501,'全体集計(入力)触るな(京都)'!$U$2:$U$501,$B43,'全体集計(入力)触るな(京都)'!$AF$2:$AF$501,"受注")) | Q43: =IF($B43="","",IFERROR(P43/O43,0)) | R43: =IF($B43="","",IFERROR(D43/C43,0)) | S43: =IF($B43="","",IFERROR(E43/C43,0)) | T43: =IF($B43="","",IFERROR((H43+I43)/E43,0)) | U43: =IF($B43="","",IFERROR(J43/E43,0)) | V43: =IF($B43="","",IFERROR(M43/E43,0)) | W43: =IF($B43="","",IFERROR(O43/E43,0)) | X43: =IF($B43="","",IFERROR(O43/J43,0))

Sheet クローザーサマリー
A1: クローザーサマリー（クローザー集計(入力)ベース・大阪京都共通）
A2: 売上・順位は「最終結果＝受注」（初期設定完了）の案件だけで計算します。
B3: クローザー別数値と順位
B4: 担当者 | C4: 商談割り当て | D4: 商談実行数 | E4: 決済実行数 | F4: 受注 | G4: 商談実行率 | H4: 決済受注率 | I4: 獲得単価 | J4: 通常売上 | K4: 自アポ売上 | L4: 初期費用合計 | M4: 初期加算 | N4: 初期費用の余り | O4: 解約受注 | P4: 引き落とし飛び | Q4: 飛び控除 | R4: 合計売上 | S4: 受注率P | T4: 獲得単価P | U4: 実行率P | V4: 売上P | W4: 合計P | X4: 順位
B5: =IF(INDEX(マスタ!$D$2:$D$60,1)="","",INDEX(マスタ!$D$2:$D$60,1)) -> 石山 | C5: =IF($B5="","",COUNTIFS('クローザー集計(入力)触るな'!$D$2:$D$501,$B5)-COUNTIFS('クローザー集計(入力)触るな'!$D$2:$D$501,$B5,'クローザー集計(入力)触るな'!$O$2:$O$501,"解約受注")) -> 0 | D5: =IF($B5="","",COUNTIFS('クローザー集計(入力)触るな'!$D$2:$D$501,$B5,'クローザー集計(入力)触るな'!$H$2:$H$501,"決済者")+COUNTIFS('クローザー集計(入力)触るな'!$D$2:$D$501,$B5,'クローザー集計(入力)触るな'!$H$2:$H$501,"非決済")) -> 0 | E5: =IF($B5="","",COUNTIFS('クローザー集計(入力)触るな'!$D$2:$D$501,$B5,'クローザー集計(入力)触るな'!$H$2:$H$501,"決済者")+COUNTIFS('クローザー集計(入力)触るな'!$D$2:$D$501,$B5,'クローザー集計(入力)触るな'!$H$2:$H$501,"非決済",'クローザー集計(入力)触るな'!$O$2:$O$501,"受注")) -> 0 | F5: =IF($B5="","",COUNTIFS('クローザー集計(入力)触るな'!$D$2:$D$501,$B5,'クローザー集計(入力)触るな'!$O$2:$O$501,"受注")) -> 0 | G5: =IF($B5="","",IFERROR(D5/C5,0)) -> 0 | H5: =IF($B5="","",MAX(0,IFERROR(F5/E5,0)-P5*設定!$B$29)) -> 0 | I5: =IF($B5="","",IFERROR((J5+K5)/F5,0)) -> 0 | J5: =IF($B5="","",SUMIFS('クローザー集計(入力)触るな'!$L$2:$L$501,'クローザー集計(入力)触るな'!$D$2:$D$501,$B5,'クローザー集計(入力)触るな'!$O$2:$O$501,"受注",'クローザー集計(入力)触るな'!$P$2:$P$501,"<>〇")) -> 0 | K5: =IF($B5="","",SUMIFS('クローザー集計(入力)触るな'!$L$2:$L$501,'クローザー集計(入力)触るな'!$D$2:$D$501,$B5,'クローザー集計(入力)触るな'!$O$2:$O$501,"受注",'クローザー集計(入力)触るな'!$P$2:$P$501,"〇")) -> 0 | L5: =IF($B5="","",SUMIFS('クローザー集計(入力)触るな'!$M$2:$M$501,'クローザー集計(入力)触るな'!$D$2:$D$501,$B5,'クローザー集計(入力)触るな'!$O$2:$O$501,"受注")) -> 0 | M5: =IF($B5="","",INT(L5/設定!$B$26)*設定!$B$27) -> 0 | N5: =IF($B5="",0,MOD(L5,設定!$B$26)) -> 0 | O5: =IF($B5="","",COUNTIFS('クローザー集計(入力)触るな'!$D$2:$D$501,$B5,'クローザー集計(入力)触るな'!$O$2:$O$501,"解約受注")*設定!$B$28) -> 0 | P5: =IF($B5="","",COUNTIFS('クローザー集計(入力)触るな'!$D$2:$D$501,$B5,'クローザー集計(入力)触るな'!$Q$2:$Q$501,"〇")) -> 0 | Q5: =IF($B5="","",SUMIFS('クローザー集計(入力)触るな'!$L$2:$L$501,'クローザー集計(入力)触るな'!$D$2:$D$501,$B5,'クローザー集計(入力)触るな'!$Q$2:$Q$501,"〇")+SUMIFS('クローザー集計(入力)触るな'!$M$2:$M$501,'クローザー集計(入力)触るな'!$D$2:$D$501,$B5,'クローザー集計(入力)触るな'!$Q$2:$Q$501,"〇")) -> 0 | R5: =IF($B5="","",J5+K5*設定!$B$25+M5+O5-Q5) -> 0 | S5: =IF($B5="","",IF(AND(H5>0,H5=MAX($H$5:$H$12)),設定!$B$30,0)) -> 0 | T5: =IF($B5="","",IF(AND(I5>0,I5=MAX($I$5:$I$12)),設定!$B$30,0)) -> 0 | U5: =IF($B5="","",IF(AND(G5>0,G5=MAX($G$5:$G$12)),設定!$B$30,0)) -> 0 | V5: =IF($B5="","",IF(R5<=0,0,IF((1+SUMPRODUCT(($B$5:$B$12<>"")*($R$5:$R$12>R5)))=1,設定!$B$30,IF((1+SUMPRODUCT(($B$5:$B$12<>"")*($R$5:$R$12>R5)))=2,設定!$B$31,0)))) -> 0 | W5: =IF($B5="","",S5+T5+U5+V5) -> 0 | X5: =IF($B5="","",1+SUMPRODUCT(($B$5:$B$12<>"")*(($W$5:$W$12>W5)+($W$5:$W$12=W5)*($R$5:$R$12>R5)+($W$5:$W$12=W5)*($R$5:$R$12=R5)*($N$5:$N$12>N5)))) -> 1
B6: =IF(INDEX(マスタ!$D$2:$D$60,2)="","",INDEX(マスタ!$D$2:$D$60,2)) -> 荻野 | C6: =IF($B6="","",COUNTIFS('クローザー集計(入力)触るな'!$D$2:$D$501,$B6)-COUNTIFS('クローザー集計(入力)触るな'!$D$2:$D$501,$B6,'クローザー集計(入力)触るな'!$O$2:$O$501,"解約受注")) -> 0 | D6: =IF($B6="","",COUNTIFS('クローザー集計(入力)触るな'!$D$2:$D$501,$B6,'クローザー集計(入力)触るな'!$H$2:$H$501,"決済者")+COUNTIFS('クローザー集計(入力)触るな'!$D$2:$D$501,$B6,'クローザー集計(入力)触るな'!$H$2:$H$501,"非決済")) -> 0 | E6: =IF($B6="","",COUNTIFS('クローザー集計(入力)触るな'!$D$2:$D$501,$B6,'クローザー集計(入力)触るな'!$H$2:$H$501,"決済者")+COUNTIFS('クローザー集計(入力)触るな'!$D$2:$D$501,$B6,'クローザー集計(入力)触るな'!$H$2:$H$501,"非決済",'クローザー集計(入力)触るな'!$O$2:$O$501,"受注")) -> 0 | F6: =IF($B6="","",COUNTIFS('クローザー集計(入力)触るな'!$D$2:$D$501,$B6,'クローザー集計(入力)触るな'!$O$2:$O$501,"受注")) -> 0 | G6: =IF($B6="","",IFERROR(D6/C6,0)) -> 0 | H6: =IF($B6="","",MAX(0,IFERROR(F6/E6,0)-P6*設定!$B$29)) -> 0 | I6: =IF($B6="","",IFERROR((J6+K6)/F6,0)) -> 0 | J6: =IF($B6="","",SUMIFS('クローザー集計(入力)触るな'!$L$2:$L$501,'クローザー集計(入力)触るな'!$D$2:$D$501,$B6,'クローザー集計(入力)触るな'!$O$2:$O$501,"受注",'クローザー集計(入力)触るな'!$P$2:$P$501,"<>〇")) -> 0 | K6: =IF($B6="","",SUMIFS('クローザー集計(入力)触るな'!$L$2:$L$501,'クローザー集計(入力)触るな'!$D$2:$D$501,$B6,'クローザー集計(入力)触るな'!$O$2:$O$501,"受注",'クローザー集計(入力)触るな'!$P$2:$P$501,"〇")) -> 0 | L6: =IF($B6="","",SUMIFS('クローザー集計(入力)触るな'!$M$2:$M$501,'クローザー集計(入力)触るな'!$D$2:$D$501,$B6,'クローザー集計(入力)触るな'!$O$2:$O$501,"受注")) -> 0 | M6: =IF($B6="","",INT(L6/設定!$B$26)*設定!$B$27) -> 0 | N6: =IF($B6="",0,MOD(L6,設定!$B$26)) -> 0 | O6: =IF($B6="","",COUNTIFS('クローザー集計(入力)触るな'!$D$2:$D$501,$B6,'クローザー集計(入力)触るな'!$O$2:$O$501,"解約受注")*設定!$B$28) -> 0 | P6: =IF($B6="","",COUNTIFS('クローザー集計(入力)触るな'!$D$2:$D$501,$B6,'クローザー集計(入力)触るな'!$Q$2:$Q$501,"〇")) -> 0 | Q6: =IF($B6="","",SUMIFS('クローザー集計(入力)触るな'!$L$2:$L$501,'クローザー集計(入力)触るな'!$D$2:$D$501,$B6,'クローザー集計(入力)触るな'!$Q$2:$Q$501,"〇")+SUMIFS('クローザー集計(入力)触るな'!$M$2:$M$501,'クローザー集計(入力)触るな'!$D$2:$D$501,$B6,'クローザー集計(入力)触るな'!$Q$2:$Q$501,"〇")) -> 0 | R6: =IF($B6="","",J6+K6*設定!$B$25+M6+O6-Q6) -> 0 | S6: =IF($B6="","",IF(AND(H6>0,H6=MAX($H$5:$H$12)),設定!$B$30,0)) -> 0 | T6: =IF($B6="","",IF(AND(I6>0,I6=MAX($I$5:$I$12)),設定!$B$30,0)) -> 0 | U6: =IF($B6="","",IF(AND(G6>0,G6=MAX($G$5:$G$12)),設定!$B$30,0)) -> 0 | V6: =IF($B6="","",IF(R6<=0,0,IF((1+SUMPRODUCT(($B$5:$B$12<>"")*($R$5:$R$12>R6)))=1,設定!$B$30,IF((1+SUMPRODUCT(($B$5:$B$12<>"")*($R$5:$R$12>R6)))=2,設定!$B$31,0)))) -> 0 | W6: =IF($B6="","",S6+T6+U6+V6) -> 0 | X6: =IF($B6="","",1+SUMPRODUCT(($B$5:$B$12<>"")*(($W$5:$W$12>W6)+($W$5:$W$12=W6)*($R$5:$R$12>R6)+($W$5:$W$12=W6)*($R$5:$R$12=R6)*($N$5:$N$12>N6)))) -> 1
B7: =IF(INDEX(マスタ!$D$2:$D$60,3)="","",INDEX(マスタ!$D$2:$D$60,3)) -> 吉村 | C7: =IF($B7="","",COUNTIFS('クローザー集計(入力)触るな'!$D$2:$D$501,$B7)-COUNTIFS('クローザー集計(入力)触るな'!$D$2:$D$501,$B7,'クローザー集計(入力)触るな'!$O$2:$O$501,"解約受注")) -> 0 | D7: =IF($B7="","",COUNTIFS('クローザー集計(入力)触るな'!$D$2:$D$501,$B7,'クローザー集計(入力)触るな'!$H$2:$H$501,"決済者")+COUNTIFS('クローザー集計(入力)触るな'!$D$2:$D$501,$B7,'クローザー集計(入力)触るな'!$H$2:$H$501,"非決済")) -> 0 | E7: =IF($B7="","",COUNTIFS('クローザー集計(入力)触るな'!$D$2:$D$501,$B7,'クローザー集計(入力)触るな'!$H$2:$H$501,"決済者")+COUNTIFS('クローザー集計(入力)触るな'!$D$2:$D$501,$B7,'クローザー集計(入力)触るな'!$H$2:$H$501,"非決済",'クローザー集計(入力)触るな'!$O$2:$O$501,"受注")) -> 0 | F7: =IF($B7="","",COUNTIFS('クローザー集計(入力)触るな'!$D$2:$D$501,$B7,'クローザー集計(入力)触るな'!$O$2:$O$501,"受注")) -> 0 | G7: =IF($B7="","",IFERROR(D7/C7,0)) -> 0 | H7: =IF($B7="","",MAX(0,IFERROR(F7/E7,0)-P7*設定!$B$29)) -> 0 | I7: =IF($B7="","",IFERROR((J7+K7)/F7,0)) -> 0 | J7: =IF($B7="","",SUMIFS('クローザー集計(入力)触るな'!$L$2:$L$501,'クローザー集計(入力)触るな'!$D$2:$D$501,$B7,'クローザー集計(入力)触るな'!$O$2:$O$501,"受注",'クローザー集計(入力)触るな'!$P$2:$P$501,"<>〇")) -> 0 | K7: =IF($B7="","",SUMIFS('クローザー集計(入力)触るな'!$L$2:$L$501,'クローザー集計(入力)触るな'!$D$2:$D$501,$B7,'クローザー集計(入力)触るな'!$O$2:$O$501,"受注",'クローザー集計(入力)触るな'!$P$2:$P$501,"〇")) -> 0 | L7: =IF($B7="","",SUMIFS('クローザー集計(入力)触るな'!$M$2:$M$501,'クローザー集計(入力)触るな'!$D$2:$D$501,$B7,'クローザー集計(入力)触るな'!$O$2:$O$501,"受注")) -> 0 | M7: =IF($B7="","",INT(L7/設定!$B$26)*設定!$B$27) -> 0 | N7: =IF($B7="",0,MOD(L7,設定!$B$26)) -> 0 | O7: =IF($B7="","",COUNTIFS('クローザー集計(入力)触るな'!$D$2:$D$501,$B7,'クローザー集計(入力)触るな'!$O$2:$O$501,"解約受注")*設定!$B$28) -> 0 | P7: =IF($B7="","",COUNTIFS('クローザー集計(入力)触るな'!$D$2:$D$501,$B7,'クローザー集計(入力)触るな'!$Q$2:$Q$501,"〇")) -> 0 | Q7: =IF($B7="","",SUMIFS('クローザー集計(入力)触るな'!$L$2:$L$501,'クローザー集計(入力)触るな'!$D$2:$D$501,$B7,'クローザー集計(入力)触るな'!$Q$2:$Q$501,"〇")+SUMIFS('クローザー集計(入力)触るな'!$M$2:$M$501,'クローザー集計(入力)触るな'!$D$2:$D$501,$B7,'クローザー集計(入力)触るな'!$Q$2:$Q$501,"〇")) -> 0 | R7: =IF($B7="","",J7+K7*設定!$B$25+M7+O7-Q7) -> 0 | S7: =IF($B7="","",IF(AND(H7>0,H7=MAX($H$5:$H$12)),設定!$B$30,0)) -> 0 | T7: =IF($B7="","",IF(AND(I7>0,I7=MAX($I$5:$I$12)),設定!$B$30,0)) -> 0 | U7: =IF($B7="","",IF(AND(G7>0,G7=MAX($G$5:$G$12)),設定!$B$30,0)) -> 0 | V7: =IF($B7="","",IF(R7<=0,0,IF((1+SUMPRODUCT(($B$5:$B$12<>"")*($R$5:$R$12>R7)))=1,設定!$B$30,IF((1+SUMPRODUCT(($B$5:$B$12<>"")*($R$5:$R$12>R7)))=2,設定!$B$31,0)))) -> 0 | W7: =IF($B7="","",S7+T7+U7+V7) -> 0 | X7: =IF($B7="","",1+SUMPRODUCT(($B$5:$B$12<>"")*(($W$5:$W$12>W7)+($W$5:$W$12=W7)*($R$5:$R$12>R7)+($W$5:$W$12=W7)*($R$5:$R$12=R7)*($N$5:$N$12>N7)))) -> 1
B8: =IF(INDEX(マスタ!$D$2:$D$60,4)="","",INDEX(マスタ!$D$2:$D$60,4)) -> 篠原 | C8: =IF($B8="","",COUNTIFS('クローザー集計(入力)触るな'!$D$2:$D$501,$B8)-COUNTIFS('クローザー集計(入力)触るな'!$D$2:$D$501,$B8,'クローザー集計(入力)触るな'!$O$2:$O$501,"解約受注")) -> 0 | D8: =IF($B8="","",COUNTIFS('クローザー集計(入力)触るな'!$D$2:$D$501,$B8,'クローザー集計(入力)触るな'!$H$2:$H$501,"決済者")+COUNTIFS('クローザー集計(入力)触るな'!$D$2:$D$501,$B8,'クローザー集計(入力)触るな'!$H$2:$H$501,"非決済")) -> 0 | E8: =IF($B8="","",COUNTIFS('クローザー集計(入力)触るな'!$D$2:$D$501,$B8,'クローザー集計(入力)触るな'!$H$2:$H$501,"決済者")+COUNTIFS('クローザー集計(入力)触るな'!$D$2:$D$501,$B8,'クローザー集計(入力)触るな'!$H$2:$H$501,"非決済",'クローザー集計(入力)触るな'!$O$2:$O$501,"受注")) -> 0 | F8: =IF($B8="","",COUNTIFS('クローザー集計(入力)触るな'!$D$2:$D$501,$B8,'クローザー集計(入力)触るな'!$O$2:$O$501,"受注")) -> 0 | G8: =IF($B8="","",IFERROR(D8/C8,0)) -> 0 | H8: =IF($B8="","",MAX(0,IFERROR(F8/E8,0)-P8*設定!$B$29)) -> 0 | I8: =IF($B8="","",IFERROR((J8+K8)/F8,0)) -> 0 | J8: =IF($B8="","",SUMIFS('クローザー集計(入力)触るな'!$L$2:$L$501,'クローザー集計(入力)触るな'!$D$2:$D$501,$B8,'クローザー集計(入力)触るな'!$O$2:$O$501,"受注",'クローザー集計(入力)触るな'!$P$2:$P$501,"<>〇")) -> 0 | K8: =IF($B8="","",SUMIFS('クローザー集計(入力)触るな'!$L$2:$L$501,'クローザー集計(入力)触るな'!$D$2:$D$501,$B8,'クローザー集計(入力)触るな'!$O$2:$O$501,"受注",'クローザー集計(入力)触るな'!$P$2:$P$501,"〇")) -> 0 | L8: =IF($B8="","",SUMIFS('クローザー集計(入力)触るな'!$M$2:$M$501,'クローザー集計(入力)触るな'!$D$2:$D$501,$B8,'クローザー集計(入力)触るな'!$O$2:$O$501,"受注")) -> 0 | M8: =IF($B8="","",INT(L8/設定!$B$26)*設定!$B$27) -> 0 | N8: =IF($B8="",0,MOD(L8,設定!$B$26)) -> 0 | O8: =IF($B8="","",COUNTIFS('クローザー集計(入力)触るな'!$D$2:$D$501,$B8,'クローザー集計(入力)触るな'!$O$2:$O$501,"解約受注")*設定!$B$28) -> 0 | P8: =IF($B8="","",COUNTIFS('クローザー集計(入力)触るな'!$D$2:$D$501,$B8,'クローザー集計(入力)触るな'!$Q$2:$Q$501,"〇")) -> 0 | Q8: =IF($B8="","",SUMIFS('クローザー集計(入力)触るな'!$L$2:$L$501,'クローザー集計(入力)触るな'!$D$2:$D$501,$B8,'クローザー集計(入力)触るな'!$Q$2:$Q$501,"〇")+SUMIFS('クローザー集計(入力)触るな'!$M$2:$M$501,'クローザー集計(入力)触るな'!$D$2:$D$501,$B8,'クローザー集計(入力)触るな'!$Q$2:$Q$501,"〇")) -> 0 | R8: =IF($B8="","",J8+K8*設定!$B$25+M8+O8-Q8) -> 0 | S8: =IF($B8="","",IF(AND(H8>0,H8=MAX($H$5:$H$12)),設定!$B$30,0)) -> 0 | T8: =IF($B8="","",IF(AND(I8>0,I8=MAX($I$5:$I$12)),設定!$B$30,0)) -> 0 | U8: =IF($B8="","",IF(AND(G8>0,G8=MAX($G$5:$G$12)),設定!$B$30,0)) -> 0 | V8: =IF($B8="","",IF(R8<=0,0,IF((1+SUMPRODUCT(($B$5:$B$12<>"")*($R$5:$R$12>R8)))=1,設定!$B$30,IF((1+SUMPRODUCT(($B$5:$B$12<>"")*($R$5:$R$12>R8)))=2,設定!$B$31,0)))) -> 0 | W8: =IF($B8="","",S8+T8+U8+V8) -> 0 | X8: =IF($B8="","",1+SUMPRODUCT(($B$5:$B$12<>"")*(($W$5:$W$12>W8)+($W$5:$W$12=W8)*($R$5:$R$12>R8)+($W$5:$W$12=W8)*($R$5:$R$12=R8)*($N$5:$N$12>N8)))) -> 1
B9: =IF(INDEX(マスタ!$D$2:$D$60,5)="","",INDEX(マスタ!$D$2:$D$60,5)) | C9: =IF($B9="","",COUNTIFS('クローザー集計(入力)触るな'!$D$2:$D$501,$B9)-COUNTIFS('クローザー集計(入力)触るな'!$D$2:$D$501,$B9,'クローザー集計(入力)触るな'!$O$2:$O$501,"解約受注")) | D9: =IF($B9="","",COUNTIFS('クローザー集計(入力)触るな'!$D$2:$D$501,$B9,'クローザー集計(入力)触るな'!$H$2:$H$501,"決済者")+COUNTIFS('クローザー集計(入力)触るな'!$D$2:$D$501,$B9,'クローザー集計(入力)触るな'!$H$2:$H$501,"非決済")) | E9: =IF($B9="","",COUNTIFS('クローザー集計(入力)触るな'!$D$2:$D$501,$B9,'クローザー集計(入力)触るな'!$H$2:$H$501,"決済者")+COUNTIFS('クローザー集計(入力)触るな'!$D$2:$D$501,$B9,'クローザー集計(入力)触るな'!$H$2:$H$501,"非決済",'クローザー集計(入力)触るな'!$O$2:$O$501,"受注")) | F9: =IF($B9="","",COUNTIFS('クローザー集計(入力)触るな'!$D$2:$D$501,$B9,'クローザー集計(入力)触るな'!$O$2:$O$501,"受注")) | G9: =IF($B9="","",IFERROR(D9/C9,0)) | H9: =IF($B9="","",MAX(0,IFERROR(F9/E9,0)-P9*設定!$B$29)) | I9: =IF($B9="","",IFERROR((J9+K9)/F9,0)) | J9: =IF($B9="","",SUMIFS('クローザー集計(入力)触るな'!$L$2:$L$501,'クローザー集計(入力)触るな'!$D$2:$D$501,$B9,'クローザー集計(入力)触るな'!$O$2:$O$501,"受注",'クローザー集計(入力)触るな'!$P$2:$P$501,"<>〇")) | K9: =IF($B9="","",SUMIFS('クローザー集計(入力)触るな'!$L$2:$L$501,'クローザー集計(入力)触るな'!$D$2:$D$501,$B9,'クローザー集計(入力)触るな'!$O$2:$O$501,"受注",'クローザー集計(入力)触るな'!$P$2:$P$501,"〇")) | L9: =IF($B9="","",SUMIFS('クローザー集計(入力)触るな'!$M$2:$M$501,'クローザー集計(入力)触るな'!$D$2:$D$501,$B9,'クローザー集計(入力)触るな'!$O$2:$O$501,"受注")) | M9: =IF($B9="","",INT(L9/設定!$B$26)*設定!$B$27) | N9: =IF($B9="",0,MOD(L9,設定!$B$26)) -> 0 | O9: =IF($B9="","",COUNTIFS('クローザー集計(入力)触るな'!$D$2:$D$501,$B9,'クローザー集計(入力)触るな'!$O$2:$O$501,"解約受注")*設定!$B$28) | P9: =IF($B9="","",COUNTIFS('クローザー集計(入力)触るな'!$D$2:$D$501,$B9,'クローザー集計(入力)触るな'!$Q$2:$Q$501,"〇")) | Q9: =IF($B9="","",SUMIFS('クローザー集計(入力)触るな'!$L$2:$L$501,'クローザー集計(入力)触るな'!$D$2:$D$501,$B9,'クローザー集計(入力)触るな'!$Q$2:$Q$501,"〇")+SUMIFS('クローザー集計(入力)触るな'!$M$2:$M$501,'クローザー集計(入力)触るな'!$D$2:$D$501,$B9,'クローザー集計(入力)触るな'!$Q$2:$Q$501,"〇")) | R9: =IF($B9="","",J9+K9*設定!$B$25+M9+O9-Q9) | S9: =IF($B9="","",IF(AND(H9>0,H9=MAX($H$5:$H$12)),設定!$B$30,0)) | T9: =IF($B9="","",IF(AND(I9>0,I9=MAX($I$5:$I$12)),設定!$B$30,0)) | U9: =IF($B9="","",IF(AND(G9>0,G9=MAX($G$5:$G$12)),設定!$B$30,0)) | V9: =IF($B9="","",IF(R9<=0,0,IF((1+SUMPRODUCT(($B$5:$B$12<>"")*($R$5:$R$12>R9)))=1,設定!$B$30,IF((1+SUMPRODUCT(($B$5:$B$12<>"")*($R$5:$R$12>R9)))=2,設定!$B$31,0)))) | W9: =IF($B9="","",S9+T9+U9+V9) | X9: =IF($B9="","",1+SUMPRODUCT(($B$5:$B$12<>"")*(($W$5:$W$12>W9)+($W$5:$W$12=W9)*($R$5:$R$12>R9)+($W$5:$W$12=W9)*($R$5:$R$12=R9)*($N$5:$N$12>N9))))
B10: =IF(INDEX(マスタ!$D$2:$D$60,6)="","",INDEX(マスタ!$D$2:$D$60,6)) | C10: =IF($B10="","",COUNTIFS('クローザー集計(入力)触るな'!$D$2:$D$501,$B10)-COUNTIFS('クローザー集計(入力)触るな'!$D$2:$D$501,$B10,'クローザー集計(入力)触るな'!$O$2:$O$501,"解約受注")) | D10: =IF($B10="","",COUNTIFS('クローザー集計(入力)触るな'!$D$2:$D$501,$B10,'クローザー集計(入力)触るな'!$H$2:$H$501,"決済者")+COUNTIFS('クローザー集計(入力)触るな'!$D$2:$D$501,$B10,'クローザー集計(入力)触るな'!$H$2:$H$501,"非決済")) | E10: =IF($B10="","",COUNTIFS('クローザー集計(入力)触るな'!$D$2:$D$501,$B10,'クローザー集計(入力)触るな'!$H$2:$H$501,"決済者")+COUNTIFS('クローザー集計(入力)触るな'!$D$2:$D$501,$B10,'クローザー集計(入力)触るな'!$H$2:$H$501,"非決済",'クローザー集計(入力)触るな'!$O$2:$O$501,"受注")) | F10: =IF($B10="","",COUNTIFS('クローザー集計(入力)触るな'!$D$2:$D$501,$B10,'クローザー集計(入力)触るな'!$O$2:$O$501,"受注")) | G10: =IF($B10="","",IFERROR(D10/C10,0)) | H10: =IF($B10="","",MAX(0,IFERROR(F10/E10,0)-P10*設定!$B$29)) | I10: =IF($B10="","",IFERROR((J10+K10)/F10,0)) | J10: =IF($B10="","",SUMIFS('クローザー集計(入力)触るな'!$L$2:$L$501,'クローザー集計(入力)触るな'!$D$2:$D$501,$B10,'クローザー集計(入力)触るな'!$O$2:$O$501,"受注",'クローザー集計(入力)触るな'!$P$2:$P$501,"<>〇")) | K10: =IF($B10="","",SUMIFS('クローザー集計(入力)触るな'!$L$2:$L$501,'クローザー集計(入力)触るな'!$D$2:$D$501,$B10,'クローザー集計(入力)触るな'!$O$2:$O$501,"受注",'クローザー集計(入力)触るな'!$P$2:$P$501,"〇")) | L10: =IF($B10="","",SUMIFS('クローザー集計(入力)触るな'!$M$2:$M$501,'クローザー集計(入力)触るな'!$D$2:$D$501,$B10,'クローザー集計(入力)触るな'!$O$2:$O$501,"受注")) | M10: =IF($B10="","",INT(L10/設定!$B$26)*設定!$B$27) | N10: =IF($B10="",0,MOD(L10,設定!$B$26)) -> 0 | O10: =IF($B10="","",COUNTIFS('クローザー集計(入力)触るな'!$D$2:$D$501,$B10,'クローザー集計(入力)触るな'!$O$2:$O$501,"解約受注")*設定!$B$28) | P10: =IF($B10="","",COUNTIFS('クローザー集計(入力)触るな'!$D$2:$D$501,$B10,'クローザー集計(入力)触るな'!$Q$2:$Q$501,"〇")) | Q10: =IF($B10="","",SUMIFS('クローザー集計(入力)触るな'!$L$2:$L$501,'クローザー集計(入力)触るな'!$D$2:$D$501,$B10,'クローザー集計(入力)触るな'!$Q$2:$Q$501,"〇")+SUMIFS('クローザー集計(入力)触るな'!$M$2:$M$501,'クローザー集計(入力)触るな'!$D$2:$D$501,$B10,'クローザー集計(入力)触るな'!$Q$2:$Q$501,"〇")) | R10: =IF($B10="","",J10+K10*設定!$B$25+M10+O10-Q10) | S10: =IF($B10="","",IF(AND(H10>0,H10=MAX($H$5:$H$12)),設定!$B$30,0)) | T10: =IF($B10="","",IF(AND(I10>0,I10=MAX($I$5:$I$12)),設定!$B$30,0)) | U10: =IF($B10="","",IF(AND(G10>0,G10=MAX($G$5:$G$12)),設定!$B$30,0)) | V10: =IF($B10="","",IF(R10<=0,0,IF((1+SUMPRODUCT(($B$5:$B$12<>"")*($R$5:$R$12>R10)))=1,設定!$B$30,IF((1+SUMPRODUCT(($B$5:$B$12<>"")*($R$5:$R$12>R10)))=2,設定!$B$31,0)))) | W10: =IF($B10="","",S10+T10+U10+V10) | X10: =IF($B10="","",1+SUMPRODUCT(($B$5:$B$12<>"")*(($W$5:$W$12>W10)+($W$5:$W$12=W10)*($R$5:$R$12>R10)+($W$5:$W$12=W10)*($R$5:$R$12=R10)*($N$5:$N$12>N10))))
B11: =IF(INDEX(マスタ!$D$2:$D$60,7)="","",INDEX(マスタ!$D$2:$D$60,7)) | C11: =IF($B11="","",COUNTIFS('クローザー集計(入力)触るな'!$D$2:$D$501,$B11)-COUNTIFS('クローザー集計(入力)触るな'!$D$2:$D$501,$B11,'クローザー集計(入力)触るな'!$O$2:$O$501,"解約受注")) | D11: =IF($B11="","",COUNTIFS('クローザー集計(入力)触るな'!$D$2:$D$501,$B11,'クローザー集計(入力)触るな'!$H$2:$H$501,"決済者")+COUNTIFS('クローザー集計(入力)触るな'!$D$2:$D$501,$B11,'クローザー集計(入力)触るな'!$H$2:$H$501,"非決済")) | E11: =IF($B11="","",COUNTIFS('クローザー集計(入力)触るな'!$D$2:$D$501,$B11,'クローザー集計(入力)触るな'!$H$2:$H$501,"決済者")+COUNTIFS('クローザー集計(入力)触るな'!$D$2:$D$501,$B11,'クローザー集計(入力)触るな'!$H$2:$H$501,"非決済",'クローザー集計(入力)触るな'!$O$2:$O$501,"受注")) | F11: =IF($B11="","",COUNTIFS('クローザー集計(入力)触るな'!$D$2:$D$501,$B11,'クローザー集計(入力)触るな'!$O$2:$O$501,"受注")) | G11: =IF($B11="","",IFERROR(D11/C11,0)) | H11: =IF($B11="","",MAX(0,IFERROR(F11/E11,0)-P11*設定!$B$29)) | I11: =IF($B11="","",IFERROR((J11+K11)/F11,0)) | J11: =IF($B11="","",SUMIFS('クローザー集計(入力)触るな'!$L$2:$L$501,'クローザー集計(入力)触るな'!$D$2:$D$501,$B11,'クローザー集計(入力)触るな'!$O$2:$O$501,"受注",'クローザー集計(入力)触るな'!$P$2:$P$501,"<>〇")) | K11: =IF($B11="","",SUMIFS('クローザー集計(入力)触るな'!$L$2:$L$501,'クローザー集計(入力)触るな'!$D$2:$D$501,$B11,'クローザー集計(入力)触るな'!$O$2:$O$501,"受注",'クローザー集計(入力)触るな'!$P$2:$P$501,"〇")) | L11: =IF($B11="","",SUMIFS('クローザー集計(入力)触るな'!$M$2:$M$501,'クローザー集計(入力)触るな'!$D$2:$D$501,$B11,'クローザー集計(入力)触るな'!$O$2:$O$501,"受注")) | M11: =IF($B11="","",INT(L11/設定!$B$26)*設定!$B$27) | N11: =IF($B11="",0,MOD(L11,設定!$B$26)) -> 0 | O11: =IF($B11="","",COUNTIFS('クローザー集計(入力)触るな'!$D$2:$D$501,$B11,'クローザー集計(入力)触るな'!$O$2:$O$501,"解約受注")*設定!$B$28) | P11: =IF($B11="","",COUNTIFS('クローザー集計(入力)触るな'!$D$2:$D$501,$B11,'クローザー集計(入力)触るな'!$Q$2:$Q$501,"〇")) | Q11: =IF($B11="","",SUMIFS('クローザー集計(入力)触るな'!$L$2:$L$501,'クローザー集計(入力)触るな'!$D$2:$D$501,$B11,'クローザー集計(入力)触るな'!$Q$2:$Q$501,"〇")+SUMIFS('クローザー集計(入力)触るな'!$M$2:$M$501,'クローザー集計(入力)触るな'!$D$2:$D$501,$B11,'クローザー集計(入力)触るな'!$Q$2:$Q$501,"〇")) | R11: =IF($B11="","",J11+K11*設定!$B$25+M11+O11-Q11) | S11: =IF($B11="","",IF(AND(H11>0,H11=MAX($H$5:$H$12)),設定!$B$30,0)) | T11: =IF($B11="","",IF(AND(I11>0,I11=MAX($I$5:$I$12)),設定!$B$30,0)) | U11: =IF($B11="","",IF(AND(G11>0,G11=MAX($G$5:$G$12)),設定!$B$30,0)) | V11: =IF($B11="","",IF(R11<=0,0,IF((1+SUMPRODUCT(($B$5:$B$12<>"")*($R$5:$R$12>R11)))=1,設定!$B$30,IF((1+SUMPRODUCT(($B$5:$B$12<>"")*($R$5:$R$12>R11)))=2,設定!$B$31,0)))) | W11: =IF($B11="","",S11+T11+U11+V11) | X11: =IF($B11="","",1+SUMPRODUCT(($B$5:$B$12<>"")*(($W$5:$W$12>W11)+($W$5:$W$12=W11)*($R$5:$R$12>R11)+($W$5:$W$12=W11)*($R$5:$R$12=R11)*($N$5:$N$12>N11))))
B12: =IF(INDEX(マスタ!$D$2:$D$60,8)="","",INDEX(マスタ!$D$2:$D$60,8)) | C12: =IF($B12="","",COUNTIFS('クローザー集計(入力)触るな'!$D$2:$D$501,$B12)-COUNTIFS('クローザー集計(入力)触るな'!$D$2:$D$501,$B12,'クローザー集計(入力)触るな'!$O$2:$O$501,"解約受注")) | D12: =IF($B12="","",COUNTIFS('クローザー集計(入力)触るな'!$D$2:$D$501,$B12,'クローザー集計(入力)触るな'!$H$2:$H$501,"決済者")+COUNTIFS('クローザー集計(入力)触るな'!$D$2:$D$501,$B12,'クローザー集計(入力)触るな'!$H$2:$H$501,"非決済")) | E12: =IF($B12="","",COUNTIFS('クローザー集計(入力)触るな'!$D$2:$D$501,$B12,'クローザー集計(入力)触るな'!$H$2:$H$501,"決済者")+COUNTIFS('クローザー集計(入力)触るな'!$D$2:$D$501,$B12,'クローザー集計(入力)触るな'!$H$2:$H$501,"非決済",'クローザー集計(入力)触るな'!$O$2:$O$501,"受注")) | F12: =IF($B12="","",COUNTIFS('クローザー集計(入力)触るな'!$D$2:$D$501,$B12,'クローザー集計(入力)触るな'!$O$2:$O$501,"受注")) | G12: =IF($B12="","",IFERROR(D12/C12,0)) | H12: =IF($B12="","",MAX(0,IFERROR(F12/E12,0)-P12*設定!$B$29)) | I12: =IF($B12="","",IFERROR((J12+K12)/F12,0)) | J12: =IF($B12="","",SUMIFS('クローザー集計(入力)触るな'!$L$2:$L$501,'クローザー集計(入力)触るな'!$D$2:$D$501,$B12,'クローザー集計(入力)触るな'!$O$2:$O$501,"受注",'クローザー集計(入力)触るな'!$P$2:$P$501,"<>〇")) | K12: =IF($B12="","",SUMIFS('クローザー集計(入力)触るな'!$L$2:$L$501,'クローザー集計(入力)触るな'!$D$2:$D$501,$B12,'クローザー集計(入力)触るな'!$O$2:$O$501,"受注",'クローザー集計(入力)触るな'!$P$2:$P$501,"〇")) | L12: =IF($B12="","",SUMIFS('クローザー集計(入力)触るな'!$M$2:$M$501,'クローザー集計(入力)触るな'!$D$2:$D$501,$B12,'クローザー集計(入力)触るな'!$O$2:$O$501,"受注")) | M12: =IF($B12="","",INT(L12/設定!$B$26)*設定!$B$27) | N12: =IF($B12="",0,MOD(L12,設定!$B$26)) -> 0 | O12: =IF($B12="","",COUNTIFS('クローザー集計(入力)触るな'!$D$2:$D$501,$B12,'クローザー集計(入力)触るな'!$O$2:$O$501,"解約受注")*設定!$B$28) | P12: =IF($B12="","",COUNTIFS('クローザー集計(入力)触るな'!$D$2:$D$501,$B12,'クローザー集計(入力)触るな'!$Q$2:$Q$501,"〇")) | Q12: =IF($B12="","",SUMIFS('クローザー集計(入力)触るな'!$L$2:$L$501,'クローザー集計(入力)触るな'!$D$2:$D$501,$B12,'クローザー集計(入力)触るな'!$Q$2:$Q$501,"〇")+SUMIFS('クローザー集計(入力)触るな'!$M$2:$M$501,'クローザー集計(入力)触るな'!$D$2:$D$501,$B12,'クローザー集計(入力)触るな'!$Q$2:$Q$501,"〇")) | R12: =IF($B12="","",J12+K12*設定!$B$25+M12+O12-Q12) | S12: =IF($B12="","",IF(AND(H12>0,H12=MAX($H$5:$H$12)),設定!$B$30,0)) | T12: =IF($B12="","",IF(AND(I12>0,I12=MAX($I$5:$I$12)),設定!$B$30,0)) | U12: =IF($B12="","",IF(AND(G12>0,G12=MAX($G$5:$G$12)),設定!$B$30,0)) | V12: =IF($B12="","",IF(R12<=0,0,IF((1+SUMPRODUCT(($B$5:$B$12<>"")*($R$5:$R$12>R12)))=1,設定!$B$30,IF((1+SUMPRODUCT(($B$5:$B$12<>"")*($R$5:$R$12>R12)))=2,設定!$B$31,0)))) | W12: =IF($B12="","",S12+T12+U12+V12) | X12: =IF($B12="","",1+SUMPRODUCT(($B$5:$B$12<>"")*(($W$5:$W$12>W12)+($W$5:$W$12=W12)*($R$5:$R$12>R12)+($W$5:$W$12=W12)*($R$5:$R$12=R12)*($N$5:$N$12>N12))))
B13: 合計 | C13: =SUM(C5:C12) -> 0 | D13: =SUM(D5:D12) -> 0 | E13: =SUM(E5:E12) -> 0 | F13: =SUM(F5:F12) -> 0 | G13: =IFERROR(D13/C13,0) -> 0 | H13: =IFERROR(F13/E13,0) -> 0 | I13: =IFERROR((J13+K13)/F13,0) -> 0 | J13: =SUM(J5:J12) -> 0 | K13: =SUM(K5:K12) -> 0 | L13: =SUM(L5:L12) -> 0 | M13: =SUM(M5:M12) -> 0 | O13: =SUM(O5:O12) -> 0 | P13: =SUM(P5:P12) -> 0 | Q13: =SUM(Q5:Q12) -> 0 | R13: =SUM(R5:R12) -> 0
B16: 会社の売上見込み（大阪＋京都）
B17: 段階 | C17: 想定（アポ数から） | D17: 現状（割り当てから） | E17: 実行からの受注
B18: アポ数 | C18: =IS進捗!$E$6 -> 0 | D18: =IS進捗!$E$6 -> 0
B19: 詰めOK | C19: =C18*設定!$B$18 -> 0 | D19: =クローザーサマリー!$C$13 -> 0
B20: 商談実施 | C20: =C19*設定!$B$19 -> 0 | D20: =D19*設定!$B$19 -> 0 | E20: =クローザーサマリー!$D$13 -> 0
B21: 受注 | C21: =C20*設定!$B$21 -> 0 | D21: =D20*設定!$B$21 -> 0 | E21: =E20*設定!$B$21 -> 0
B22: 売上 | C22: =C21*設定!$B$22 -> 0 | D22: =D21*設定!$B$22 -> 0 | E22: =E21*設定!$B$22 -> 0
B23: クローザー合計売上 | C23: =クローザーサマリー!$R$13 -> 0
B24: 現状見込みとの差（ショート） | C24: =C23-D22 -> 0
B27: ルール（自動計算に反映済み）
B28: ・合計ポイントの高いクローザーが勝利（同点なら合計売上 → それも同じなら初期費用の余りが多い方）
B29: ・『受注率』『獲得単価』『商談実行率』は各1位に3P。『合計売上』は1位3P・2位1P・3位以下0P
B30: ・非決済から受注したら決済者商談数（決済実行数）にカウント
B31: ・自アポ・紹介案件（ジアポ＝〇）は売上1.5倍で計算
B32: ・初期費用12万円ごとに売上に1万円プラス
B33: ・最終結果は初期設定完了している案件だけ「受注」にする
B34: ・初回引き落としが飛んだ案件（引き落とし飛び＝〇）：その月額＋初期費用を売上から引き、受注率を1件につき3%引く
B35: ・解約受注は受注金額に関係なく一律5,000円を売上に追加
B36: ・当日アポはそのとき対応可能なクローザーだけで決める／前月の成績上位からドラフト制で前日に行くアポを決める／CBはなし
B37: ※ 倍率・金額・ポイントは「設定」シートで変更できます

Sheet 月次実績
A1: 月次実績（毎月の結果を残す表）
A2: 月末（または翌月のファイルを作る前）に、4行目「今月（自動）」をコピーして、7行目以降の空いている行に「値のみ貼り付け」してください。
A3: 月 | B3: 大阪 アポ | C3: 大阪 決済者アポ | D3: 大阪 決済詰めOK | E3: 大阪 決済者実施 | F3: 大阪 受注 | G3: 大阪 稼働時間 | H3: 大阪 SPH | I3: 京都 アポ | J3: 京都 決済者アポ | K3: 京都 決済詰めOK | L3: 京都 決済者実施 | M3: 京都 受注 | N3: 京都 稼働時間 | O3: 京都 SPH | P3: 商談割り当て | Q3: 決済者実施（FS） | R3: 受注（FS） | S3: 決済受注率 | T3: 売上 | U3: 初期費用
A4: =TEXT(設定!$B$5,"yyyy年m月")&"（今月）" -> 2026年11月（今月） | B4: =IS進捗!F18 -> 0 | C4: =IS進捗!F19 -> 0 | D4: =IS進捗!F20 -> 0 | E4: =IS進捗!F22 -> 0 | F4: =IS進捗!F24 -> 0 | G4: =IS進捗!F29 -> 0 | H4: =IS進捗!F30 -> 0 | I4: =IS進捗!F44 -> 0 | J4: =IS進捗!F45 -> 0 | K4: =IS進捗!F46 -> 0 | L4: =IS進捗!F48 -> 0 | M4: =IS進捗!F50 -> 0 | N4: =IS進捗!F55 -> 0 | O4: =IS進捗!F56 -> 0 | P4: =FS進捗!F5 -> 0 | Q4: =FS進捗!F6 -> 0 | R4: =FS進捗!F9 -> 0 | S4: =FS進捗!F10 -> 0 | T4: =FS進捗!F12 -> 0 | U4: =FS進捗!F14 -> 0
A6: 過去の実績（値で保存）
A7: 2026年6月 | B7: 96 | C7: 86 | D7: 69 | E7: 41 | F7: 13 | G7: 713.5 | H7: =IFERROR(B7/G7,0) -> 0.134548 | I7: 39 | J7: 37 | K7: 23 | L7: 14 | M7: 3 | N7: 505.5 | O7: =IFERROR(I7/N7,0) -> 0.077151335 | P7: 107 | Q7: 60 | R7: 17 | S7: =IFERROR(R7/Q7,0) -> 0.28333333 | T7: 336000 | U7: 330000
A8: 2026年7月 | B8: 83 | C8: 63 | D8: 50 | E8: 38 | F8: 16 | G8: 493 | H8: =IFERROR(B8/G8,0) -> 0.168357 | I8: 60 | J8: 56 | K8: 41 | L8: 25 | M8: 14 | N8: 690.4 | O8: =IFERROR(I8/N8,0) -> 0.086906141 | P8: 106 | Q8: 65 | R8: 31 | S8: =IFERROR(R8/Q8,0) -> 0.47692308 | T8: 530500 | U8: 620000
A41: ※ 6月・7月は旧ファイルのIS進捗・FS進捗に残っていた数値です（8〜10月は旧ファイルに数値が残っていませんでした）。

Sheet 全体集計(入力)触るな(大阪)
A1: No | B1: 電話番号 | C1: 第2連絡先 | D1: 店舗名 | E1: エリア | F1: 業種 | G1: URL | H1: LINE有無 | I1: MEO有無 | J1: 担当者名 | K1: 性別 | L1: 決済権 | M1: アポ獲得者 | N1: アポ獲得日 | O1: 詰直担当 | P1: 詰直し日 | Q1: 詰直し結果 | R1: 商談日 | S1: 商談時間 | T1: カレンダー | U1: 商談担当 | V1: 初回結果 | W1: 有効商談有無 | X1: 商談結果 | Y1: 商談所感 | Z1: 決裁権 | AA1: 提案商材 | AB1: 再訪日 | AC1: アポ課金 | AD1: 月額提案 | AE1: 契約課金 | AF1: 最終結果 | AG1: 人種 | AH1: アポ獲得時 | AI1: 備考
A2: =IF(D2="","",ROW()-1)
A3: =IF(D3="","",ROW()-1)
A4: =IF(D4="","",ROW()-1)
A5: =IF(D5="","",ROW()-1)
A6: =IF(D6="","",ROW()-1)
A7: =IF(D7="","",ROW()-1)
A8: =IF(D8="","",ROW()-1)
A9: =IF(D9="","",ROW()-1)
A10: =IF(D10="","",ROW()-1)
A11: =IF(D11="","",ROW()-1)
A12: =IF(D12="","",ROW()-1)
A13: =IF(D13="","",ROW()-1)
... A501: =IF(D501="","",ROW()-1)

Sheet 全体集計(入力)触るな(京都)
A1: No | B1: 電話番号 | C1: 第2連絡先 | D1: 店舗名 | E1: エリア | F1: 業種 | G1: URL | H1: LINE有無 | I1: MEO有無 | J1: 担当者名 | K1: 性別 | L1: 決済権 | M1: アポ獲得者 | N1: アポ獲得日 | O1: 詰直担当 | P1: 詰直し日 | Q1: 詰直し結果 | R1: 商談日 | S1: 商談時間 | T1: カレンダー | U1: 商談担当 | V1: 初回結果 | W1: 有効商談有無 | X1: 商談結果 | Y1: 商談所感 | Z1: 決裁権 | AA1: 提案商材 | AB1: 再訪日 | AC1: アポ課金 | AD1: 月額提案 | AE1: 契約課金 | AF1: 最終結果 | AG1: 人種 | AH1: アポ獲得時 | AI1: 備考
A2: =IF(D2="","",ROW()-1)
A3: =IF(D3="","",ROW()-1)
A4: =IF(D4="","",ROW()-1)
A5: =IF(D5="","",ROW()-1)
A6: =IF(D6="","",ROW()-1)
A7: =IF(D7="","",ROW()-1)
A8: =IF(D8="","",ROW()-1)
A9: =IF(D9="","",ROW()-1)
A10: =IF(D10="","",ROW()-1)
A11: =IF(D11="","",ROW()-1)
A12: =IF(D12="","",ROW()-1)
A13: =IF(D13="","",ROW()-1)
... A501: =IF(D501="","",ROW()-1)

Sheet クローザー集計(入力)触るな
A1: No | B1: 店舗名 | C1: 商談日 | D1: 商談担当 | E1: 有効商談有無 | F1: 商談結果 | G1: 商談所感 | H1: 決裁権 | I1: 提案商材 | J1: 再訪日 | K1: アポ課金 | L1: 月額提案 | M1: 初期費用提案 | N1: 契約課金 | O1: 最終結果 | P1: ジアポ | Q1: 引き落とし飛び | R1: 備考
A2: =IF(B2="","",ROW()-1)
A3: =IF(B3="","",ROW()-1)
A4: =IF(B4="","",ROW()-1)
A5: =IF(B5="","",ROW()-1)
A6: =IF(B6="","",ROW()-1)
A7: =IF(B7="","",ROW()-1)
A8: =IF(B8="","",ROW()-1)
A9: =IF(B9="","",ROW()-1)
A10: =IF(B10="","",ROW()-1)
A11: =IF(B11="","",ROW()-1)
A12: =IF(B12="","",ROW()-1)
A13: =IF(B13="","",ROW()-1)
... A501: =IF(B501="","",ROW()-1)

Sheet シフト入力
A1: 日付 | B1: 名前 | C1: エリア | D1: 勤怠 | E1: 提出 出勤 | F1: 提出 退勤 | G1: 提出 昼休憩 | H1: 提出 10分休憩回数 | I1: 実際 出勤 | J1: 実際 退勤 | K1: 実際 昼休憩 | L1: 実際 10分休憩回数 | M1: 提出 稼働時間 | N1: 実際 稼働時間 | O1: 備考
C2: =IF(B2="","",IFERROR(INDEX(マスタ!$F$2:$F$60,MATCH(B2,マスタ!$E$2:$E$60,0))&"","")) | M2: =IF(OR(E2="",F2=""),"",MAX(0,((F2-E2-N(G2))*1440-N(H2)*10)/60)) | N2: =IF($D2="欠席",0,IF(OR(I2="",J2=""),"",MAX(0,((J2-I2-N(K2))*1440-N(L2)*10)/60)))
C3: =IF(B3="","",IFERROR(INDEX(マスタ!$F$2:$F$60,MATCH(B3,マスタ!$E$2:$E$60,0))&"","")) | M3: =IF(OR(E3="",F3=""),"",MAX(0,((F3-E3-N(G3))*1440-N(H3)*10)/60)) | N3: =IF($D3="欠席",0,IF(OR(I3="",J3=""),"",MAX(0,((J3-I3-N(K3))*1440-N(L3)*10)/60)))
C4: =IF(B4="","",IFERROR(INDEX(マスタ!$F$2:$F$60,MATCH(B4,マスタ!$E$2:$E$60,0))&"","")) | M4: =IF(OR(E4="",F4=""),"",MAX(0,((F4-E4-N(G4))*1440-N(H4)*10)/60)) | N4: =IF($D4="欠席",0,IF(OR(I4="",J4=""),"",MAX(0,((J4-I4-N(K4))*1440-N(L4)*10)/60)))
C5: =IF(B5="","",IFERROR(INDEX(マスタ!$F$2:$F$60,MATCH(B5,マスタ!$E$2:$E$60,0))&"","")) | M5: =IF(OR(E5="",F5=""),"",MAX(0,((F5-E5-N(G5))*1440-N(H5)*10)/60)) | N5: =IF($D5="欠席",0,IF(OR(I5="",J5=""),"",MAX(0,((J5-I5-N(K5))*1440-N(L5)*10)/60)))
C6: =IF(B6="","",IFERROR(INDEX(マスタ!$F$2:$F$60,MATCH(B6,マスタ!$E$2:$E$60,0))&"","")) | M6: =IF(OR(E6="",F6=""),"",MAX(0,((F6-E6-N(G6))*1440-N(H6)*10)/60)) | N6: =IF($D6="欠席",0,IF(OR(I6="",J6=""),"",MAX(0,((J6-I6-N(K6))*1440-N(L6)*10)/60)))
C7: =IF(B7="","",IFERROR(INDEX(マスタ!$F$2:$F$60,MATCH(B7,マスタ!$E$2:$E$60,0))&"","")) | M7: =IF(OR(E7="",F7=""),"",MAX(0,((F7-E7-N(G7))*1440-N(H7)*10)/60)) | N7: =IF($D7="欠席",0,IF(OR(I7="",J7=""),"",MAX(0,((J7-I7-N(K7))*1440-N(L7)*10)/60)))
C8: =IF(B8="","",IFERROR(INDEX(マスタ!$F$2:$F$60,MATCH(B8,マスタ!$E$2:$E$60,0))&"","")) | M8: =IF(OR(E8="",F8=""),"",MAX(0,((F8-E8-N(G8))*1440-N(H8)*10)/60)) | N8: =IF($D8="欠席",0,IF(OR(I8="",J8=""),"",MAX(0,((J8-I8-N(K8))*1440-N(L8)*10)/60)))
C9: =IF(B9="","",IFERROR(INDEX(マスタ!$F$2:$F$60,MATCH(B9,マスタ!$E$2:$E$60,0))&"","")) | M9: =IF(OR(E9="",F9=""),"",MAX(0,((F9-E9-N(G9))*1440-N(H9)*10)/60)) | N9: =IF($D9="欠席",0,IF(OR(I9="",J9=""),"",MAX(0,((J9-I9-N(K9))*1440-N(L9)*10)/60)))
C10: =IF(B10="","",IFERROR(INDEX(マスタ!$F$2:$F$60,MATCH(B10,マスタ!$E$2:$E$60,0))&"","")) | M10: =IF(OR(E10="",F10=""),"",MAX(0,((F10-E10-N(G10))*1440-N(H10)*10)/60)) | N10: =IF($D10="欠席",0,IF(OR(I10="",J10=""),"",MAX(0,((J10-I10-N(K10))*1440-N(L10)*10)/60)))
C11: =IF(B11="","",IFERROR(INDEX(マスタ!$F$2:$F$60,MATCH(B11,マスタ!$E$2:$E$60,0))&"","")) | M11: =IF(OR(E11="",F11=""),"",MAX(0,((F11-E11-N(G11))*1440-N(H11)*10)/60)) | N11: =IF($D11="欠席",0,IF(OR(I11="",J11=""),"",MAX(0,((J11-I11-N(K11))*1440-N(L11)*10)/60)))
C12: =IF(B12="","",IFERROR(INDEX(マスタ!$F$2:$F$60,MATCH(B12,マスタ!$E$2:$E$60,0))&"","")) | M12: =IF(OR(E12="",F12=""),"",MAX(0,((F12-E12-N(G12))*1440-N(H12)*10)/60)) | N12: =IF($D12="欠席",0,IF(OR(I12="",J12=""),"",MAX(0,((J12-I12-N(K12))*1440-N(L12)*10)/60)))
C13: =IF(B13="","",IFERROR(INDEX(マスタ!$F$2:$F$60,MATCH(B13,マスタ!$E$2:$E$60,0))&"","")) | M13: =IF(OR(E13="",F13=""),"",MAX(0,((F13-E13-N(G13))*1440-N(H13)*10)/60)) | N13: =IF($D13="欠席",0,IF(OR(I13="",J13=""),"",MAX(0,((J13-I13-N(K13))*1440-N(L13)*10)/60)))
... C1501: =IF(B1501="","",IFERROR(INDEX(マスタ!$F$2:$F$60,MATCH(B1501,マスタ!$E$2:$E$60,0))&"","")) | M1501: =IF(OR(E1501="",F1501=""),"",MAX(0,((F1501-E1501-N(G1501))*1440-N(H1501)*10)/60)) | N1501: =IF($D1501="欠席",0,IF(OR(I1501="",J1501=""),"",MAX(0,((J1501-I1501-N(K1501))*1440-N(L1501)*10)/60)))

Sheet 設定
A1: 設定（毎月ここを最初に更新）
A2: 黄色セルを入力します。青灰色は自動計算です。
A4: 期間（大阪・京都共通） | F4: 祝日 | G4: 日付
A5: 対象月（1日の日付） | B5: 46327 | D5: 毎月ここを変える | F5: 元日 | G5: 46023
A6: 営業日数 | B6: 21 | D6: その月の営業日数（手入力） | F6: 成人の日 | G6: 46034
A7: 経過営業日数（自動） | B7: =MAX(0,MIN(設定!$B$6,NETWORKDAYS(設定!$B$5,MIN(TODAY(),EOMONTH(設定!$B$5,0)),$G$5:$G$80))) -> 0 | D7: 土日祝を除いて今日まで数えた日数 | F7: 建国記念の日 | G7: 46064
A8: 稼働日数（手入力・任意） | D8: 土曜も営業する場合などはここに入力。空欄なら自動 | F8: 天皇誕生日 | G8: 46076
A9: 稼働日数（採用） | B9: =IF(設定!$B$8="",設定!$B$7,設定!$B$8) -> 0 | F9: 春分の日 | G9: 46101
A10: 残り営業日数 | B10: =MAX(0,設定!$B$6-設定!$B$9) -> 21 | F10: 昭和の日 | G10: 46141
F11: 憲法記念日 | G11: 46145
A12: 目標（エリア別） | B12: 大阪 | C12: 京都 | F12: みどりの日 | G12: 46146
A13: 目標アポ数 | B13: 100 | C13: 40 | F13: こどもの日 | G13: 46147
A14: 目標決済アポ数 | B14: 90 | C14: 35 | F14: 振替休日 | G14: 46148
A15: 目標SPH（1時間あたりアポ数） | B15: 0.13 | C15: 0.1 | F15: 海の日 | G15: 46223
F16: 山の日 | G16: 46245
A17: 想定の率・単価（予想・着地の計算に使う） | F17: 敬老の日 | G17: 46286
A18: 詰めOK率 | B18: 0.7 | D18: 決済アポ → 詰めOK | F18: 国民の休日 | G18: 46287
A19: 商談実施率 | B19: 0.6 | D19: 詰めOK → 商談実施（実施待ちの着地にも使用） | F19: 秋分の日 | G19: 46288
A20: 受注率（IS目標用） | B20: 0.5 | F20: スポーツの日 | G20: 46307
A21: 決済者受注率（FS想定） | B21: 0.35 | F21: 文化の日 | G21: 46329
A22: 平均単価 | B22: 25000 | D22: 1受注あたりの売上 | F22: 勤労感謝の日 | G22: 46349
F23: 元日 | G23: 46388
A24: クローザー順位ルール | F24: 成人の日 | G24: 46398
A25: 自アポ・紹介の売上倍率 | B25: 1.5 | F25: 建国記念の日 | G25: 46429
A26: 初期費用の加算単位 | B26: 120000 | D26: この金額ごとに売上を加算 | F26: 天皇誕生日 | G26: 46441
A27: 初期費用の加算額 | B27: 10000 | F27: 春分の日 | G27: 46467
A28: 解約受注の加算額（1件） | B28: 5000 | D28: 受注金額に関係なく一律 | F28: 振替休日 | G28: 46468
A29: 引き落とし飛び1件の受注率マイナス | B29: 0.03 | F29: 昭和の日 | G29: 46506
A30: 各項目1位のポイント | B30: 3 | D30: 受注率・獲得単価・商談実行率・合計売上 | F30: 憲法記念日 | G30: 46510
A31: 合計売上2位のポイント | B31: 1 | F31: みどりの日 | G31: 46511
F32: こどもの日 | G32: 46512
F33: 海の日 | G33: 46587
F34: 山の日 | G34: 46610
F35: 敬老の日 | G35: 46650
F36: 秋分の日 | G36: 46653
F37: スポーツの日 | G37: 46671
F38: 文化の日 | G38: 46694
F39: 勤労感謝の日 | G39: 46714
F40: 元日 | G40: 46753
F41: 成人の日 | G41: 46762
F42: 建国記念の日 | G42: 46794
F43: 天皇誕生日 | G43: 46806
... F55: 勤労感謝の日 | G55: 47080

Sheet マスタ
A1: アポインター(大阪) | B1: アポインター(京都) | C1: 詰直担当 | D1: クローザー | E1: シフト名簿 | F1: シフトエリア | G1: エリア | H1: 業種 | I1: 決済権 | J1: 詰直し結果 | K1: カレンダー | L1: 初回結果 | M1: 有効商談有無 | N1: 商談結果 | O1: 最終結果(クローザー) | P1: 決裁権(商談時) | Q1: 提案商材 | R1: 課金 | S1: 有無 | T1: 性別 | U1: 人種 | V1: アポ獲得時 | W1: 自アポ | X1: 勤怠 | Y1: 月額
A2: 宮田 | B2: 堀口 | C2: 荻野 | D2: 石山 | E2: 西川 | F2: 大阪 | G2: 大阪 | H2: エステ | I2: 決済 | J2: OK | K2: 確認⭕️ | L2: リスケ | M2: 有効商談 | N2: 受注 | O2: 受注 | P2: 決済者 | Q2: 両方 | R2: ⚪︎ | S2: 有 | T2: 男 | U2: 外人 | V2: 決済 | W2: 〇 | X2: 出勤 | Y2: 0
A3: 石山 | B3: 岡本(れな) | C3: 石山 | D3: 荻野 | E3: 木下 | F3: 大阪 | G3: 京都 | H3: ジム | I3: 非決済 | J3: NG | K3: 再調整 | L3: 商談実施 | M3: 無効商談 | N3: 失注 | O3: 失注 | P3: 非決済 | Q3: 自社LINE | R3: × | S3: 無 | T3: 女 | V3: 非決済 | W3: ✖ | X3: 在宅ワーク | Y3: 5000
A4: 向井 | B4: 篠原 | C4: 大場 | D4: 吉村 | E4: 篠原 | F4: 大阪 | G4: 対象外 | H4: ネイル | I4: 外人(決済) | J4: デズ | L4: 商談前キャンセル | M4: リスケ | N4: 検討 | O4: 検討 | Q4: 自社MEO | S4: 不明 | X4: 遅刻 | Y4: 10000
A5: 中牟田 | B5: 吉村 | C5: 吉村 | D5: 篠原 | E5: 宮田 | F5: 大阪 | H5: フォト | I5: 外人(非決済) | M5: 商談キャンセル | N5: 無効商談 | O5: 無効商談 | Q5: LP | X5: 欠席 | Y5: 15000
A6: 西川 | B6: 大場 | C6: 森 | E6: 谷川(ゆ) | F6: 大阪 | H6: マツエク | M6: 商談前キャンセル | N6: リスケ | O6: リスケ | Q6: ロケット | Y6: 20000
A7: 木下 | B7: 石原 | C7: 木下 | E7: 谷川(と) | F7: 大阪 | H7: リラク | M7: 検討 | N7: 再訪 | O7: 再訪 | Y7: 25000
A8: 篠原 | B8: 伊坂 | C8: 冷麺 | E8: 岩本 | F8: 大阪 | H8: 飲食 | M8: 再訪 | N8: 商談キャンセル | O8: 商談キャンセル | Y8: 30000
A9: CSアポ | B9: 迫 | C9: 向井 | E9: 金本 | F9: 大阪 | H9: カフェ | M9: 日程変更 | N9: 再調整 | O9: 再調整 | Y9: 35000
A10: 大場 | B10: 藤井 | C10: 篠原 | E10: 浅妻 | F10: 大阪 | H10: 整骨院 | O10: 解約受注 | Y10: 40000
A11: 村上 | B11: 荻野 | E11: 岡本(れな) | F11: 京都 | H11: 整体 | Y11: 45000
A12: 谷川(ゆ) | B12: 高岡 | E12: 堀口 | F12: 京都 | H12: 鍼灸院 | Y12: 50000
A13: 金本 | E13: 藤井 | F13: 京都 | H13: カイロ | Y13: 55000
A14: 岩本 | E14: 迫 | F14: 京都 | H14: 脱毛 | Y14: 60000
A15: 谷川(と) | E15: 伊坂 | F15: 京都 | H15: 美容院 | Y15: 65000
A16: 浅妻 | E16: 石原 | F16: 京都 | H16: ホワイトニング | Y16: 70000
E17: 高岡 | F17: 京都 | H17: メンエス | Y17: 75000
E18: 冷麺 | H18: ピラティス | Y18: 80000
E19: 大場 | H19: ヨガ | Y19: 85000
E20: 村野 | H20: 買取 | Y20: 90000
E21: 森 | H21: 質屋 | Y21: 95000
E22: 中江 | H22: リサイクルショップ | Y22: 100000
E23: 末川 | H23: ハウス | Y23: 12000
E24: 荻野 | H24: 便利屋 | Y24: 150000
E25: 向井 | H25: レンタカー
E26: 木村 | H26: 家事代行
E27: 笹原 | H27: 運転代行
E28: 中牟田 | H28: 引っ越し業者
E29: 田上 | H29: 婚活
E30: 吉村 | H30: 結婚相談所
E31: 白井 | H31: 占い
E32: 村上 | H32: カウンセリング
E33: 栗田 | H33: パーソナルカラー
H34: 習い事教室
H35: スクール事業
H36: 介護施設
H37: 助産・産後
H38: ボードゲーム
H39: メガネショップ
H40: スポーツ用品店
H41: マリンスポーツ
H42: 花屋
H43: 造園店
H44: 園芸・造園
H45: 植木屋
... H50: その他
