Workbook

Sheet 顧客管理
A1: 開通管理表（電気・Wi-Fi 等） | H1: 黄色＝入力欄 ／ 青灰色＝自動計算（触らない）
A2: 1行＝1案件（同じお客様が電気とWi-Fiを両方申し込む場合は2行に分け、同じ顧客IDを入れてください）
A3: No | B3: 顧客ID | C3: 受付日 | D3: 顧客名 | E3: フリガナ | F3: 電話番号 | G3: メール | H3: 設置先住所 | I3: 入居・利用開始希望日 | J3: 商材 | K3: 事業者・プラン | L3: 獲得経路 | M3: 担当者 | N3: ステータス | O3: 申込日 | P3: 工事・切替予定日 | Q3: 開通日 | R3: 次回アクション | S3: 次回対応日 | T3: 経過日数 | U3: 開通予定まで | V3: アラート | W3: 支払方法 | X3: 備考
A4: =IF(D4="","",ROW()-3) -> 1 | B4: C0001 | C4: 46315 | D4: （記入例）山本 太郎 | E4: ヤマモト タロウ | F4: 090-1234-5678 | G4: example@example.com | H4: 東京都〇〇区〇〇1-2-3 〇〇マンション101 | I4: 46336 | J4: Wi-Fi（光回線） | K4: 〇〇光 ファミリー1G | L4: 不動産会社紹介 | M4: 山田 | N4: 工事日調整中 | O4: 46317 | P4: 46334 | R4: 工事立会い日の候補をお客様に確認 | S4: 46323 | T4: =IF(C4="","",IF(Q4<>"",Q4-C4,TODAY()-C4)) -> 6 | U4: =IF(OR(P4="",Q4<>"",N4="キャンセル"),"",P4-TODAY()) -> 13 | V4: =IF(D4="","",IF(OR(N4="開通済",Q4<>""),"完了",IF(N4="キャンセル","―",IF(AND(S4<>"",S4<TODAY()),"対応期限超過",IF(AND(P4<>"",P4<TODAY()),"開通予定日超過",IF(AND(S4<>"",S4=TODAY()),"本日対応",IF(AND(P4<>"",P4-TODAY()<=3),"開通間近",""))))))) | W4: クレジットカード | X4: この行は記入例です。不要になったら行ごと削除してください
A5: =IF(D5="","",ROW()-3) | T5: =IF(C5="","",IF(Q5<>"",Q5-C5,TODAY()-C5)) | U5: =IF(OR(P5="",Q5<>"",N5="キャンセル"),"",P5-TODAY()) | V5: =IF(D5="","",IF(OR(N5="開通済",Q5<>""),"完了",IF(N5="キャンセル","―",IF(AND(S5<>"",S5<TODAY()),"対応期限超過",IF(AND(P5<>"",P5<TODAY()),"開通予定日超過",IF(AND(S5<>"",S5=TODAY()),"本日対応",IF(AND(P5<>"",P5-TODAY()<=3),"開通間近","")))))))
A6: =IF(D6="","",ROW()-3) | T6: =IF(C6="","",IF(Q6<>"",Q6-C6,TODAY()-C6)) | U6: =IF(OR(P6="",Q6<>"",N6="キャンセル"),"",P6-TODAY()) | V6: =IF(D6="","",IF(OR(N6="開通済",Q6<>""),"完了",IF(N6="キャンセル","―",IF(AND(S6<>"",S6<TODAY()),"対応期限超過",IF(AND(P6<>"",P6<TODAY()),"開通予定日超過",IF(AND(S6<>"",S6=TODAY()),"本日対応",IF(AND(P6<>"",P6-TODAY()<=3),"開通間近","")))))))
A7: =IF(D7="","",ROW()-3) | T7: =IF(C7="","",IF(Q7<>"",Q7-C7,TODAY()-C7)) | U7: =IF(OR(P7="",Q7<>"",N7="キャンセル"),"",P7-TODAY()) | V7: =IF(D7="","",IF(OR(N7="開通済",Q7<>""),"完了",IF(N7="キャンセル","―",IF(AND(S7<>"",S7<TODAY()),"対応期限超過",IF(AND(P7<>"",P7<TODAY()),"開通予定日超過",IF(AND(S7<>"",S7=TODAY()),"本日対応",IF(AND(P7<>"",P7-TODAY()<=3),"開通間近","")))))))
A8: =IF(D8="","",ROW()-3) | T8: =IF(C8="","",IF(Q8<>"",Q8-C8,TODAY()-C8)) | U8: =IF(OR(P8="",Q8<>"",N8="キャンセル"),"",P8-TODAY()) | V8: =IF(D8="","",IF(OR(N8="開通済",Q8<>""),"完了",IF(N8="キャンセル","―",IF(AND(S8<>"",S8<TODAY()),"対応期限超過",IF(AND(P8<>"",P8<TODAY()),"開通予定日超過",IF(AND(S8<>"",S8=TODAY()),"本日対応",IF(AND(P8<>"",P8-TODAY()<=3),"開通間近","")))))))
A9: =IF(D9="","",ROW()-3) | T9: =IF(C9="","",IF(Q9<>"",Q9-C9,TODAY()-C9)) | U9: =IF(OR(P9="",Q9<>"",N9="キャンセル"),"",P9-TODAY()) | V9: =IF(D9="","",IF(OR(N9="開通済",Q9<>""),"完了",IF(N9="キャンセル","―",IF(AND(S9<>"",S9<TODAY()),"対応期限超過",IF(AND(P9<>"",P9<TODAY()),"開通予定日超過",IF(AND(S9<>"",S9=TODAY()),"本日対応",IF(AND(P9<>"",P9-TODAY()<=3),"開通間近","")))))))
A10: =IF(D10="","",ROW()-3) | T10: =IF(C10="","",IF(Q10<>"",Q10-C10,TODAY()-C10)) | U10: =IF(OR(P10="",Q10<>"",N10="キャンセル"),"",P10-TODAY()) | V10: =IF(D10="","",IF(OR(N10="開通済",Q10<>""),"完了",IF(N10="キャンセル","―",IF(AND(S10<>"",S10<TODAY()),"対応期限超過",IF(AND(P10<>"",P10<TODAY()),"開通予定日超過",IF(AND(S10<>"",S10=TODAY()),"本日対応",IF(AND(P10<>"",P10-TODAY()<=3),"開通間近","")))))))
A11: =IF(D11="","",ROW()-3) | T11: =IF(C11="","",IF(Q11<>"",Q11-C11,TODAY()-C11)) | U11: =IF(OR(P11="",Q11<>"",N11="キャンセル"),"",P11-TODAY()) | V11: =IF(D11="","",IF(OR(N11="開通済",Q11<>""),"完了",IF(N11="キャンセル","―",IF(AND(S11<>"",S11<TODAY()),"対応期限超過",IF(AND(P11<>"",P11<TODAY()),"開通予定日超過",IF(AND(S11<>"",S11=TODAY()),"本日対応",IF(AND(P11<>"",P11-TODAY()<=3),"開通間近","")))))))
A12: =IF(D12="","",ROW()-3) | T12: =IF(C12="","",IF(Q12<>"",Q12-C12,TODAY()-C12)) | U12: =IF(OR(P12="",Q12<>"",N12="キャンセル"),"",P12-TODAY()) | V12: =IF(D12="","",IF(OR(N12="開通済",Q12<>""),"完了",IF(N12="キャンセル","―",IF(AND(S12<>"",S12<TODAY()),"対応期限超過",IF(AND(P12<>"",P12<TODAY()),"開通予定日超過",IF(AND(S12<>"",S12=TODAY()),"本日対応",IF(AND(P12<>"",P12-TODAY()<=3),"開通間近","")))))))
A13: =IF(D13="","",ROW()-3) | T13: =IF(C13="","",IF(Q13<>"",Q13-C13,TODAY()-C13)) | U13: =IF(OR(P13="",Q13<>"",N13="キャンセル"),"",P13-TODAY()) | V13: =IF(D13="","",IF(OR(N13="開通済",Q13<>""),"完了",IF(N13="キャンセル","―",IF(AND(S13<>"",S13<TODAY()),"対応期限超過",IF(AND(P13<>"",P13<TODAY()),"開通予定日超過",IF(AND(S13<>"",S13=TODAY()),"本日対応",IF(AND(P13<>"",P13-TODAY()<=3),"開通間近","")))))))
A14: =IF(D14="","",ROW()-3) | T14: =IF(C14="","",IF(Q14<>"",Q14-C14,TODAY()-C14)) | U14: =IF(OR(P14="",Q14<>"",N14="キャンセル"),"",P14-TODAY()) | V14: =IF(D14="","",IF(OR(N14="開通済",Q14<>""),"完了",IF(N14="キャンセル","―",IF(AND(S14<>"",S14<TODAY()),"対応期限超過",IF(AND(P14<>"",P14<TODAY()),"開通予定日超過",IF(AND(S14<>"",S14=TODAY()),"本日対応",IF(AND(P14<>"",P14-TODAY()<=3),"開通間近","")))))))
A15: =IF(D15="","",ROW()-3) | T15: =IF(C15="","",IF(Q15<>"",Q15-C15,TODAY()-C15)) | U15: =IF(OR(P15="",Q15<>"",N15="キャンセル"),"",P15-TODAY()) | V15: =IF(D15="","",IF(OR(N15="開通済",Q15<>""),"完了",IF(N15="キャンセル","―",IF(AND(S15<>"",S15<TODAY()),"対応期限超過",IF(AND(P15<>"",P15<TODAY()),"開通予定日超過",IF(AND(S15<>"",S15=TODAY()),"本日対応",IF(AND(P15<>"",P15-TODAY()<=3),"開通間近","")))))))
A16: =IF(D16="","",ROW()-3) | T16: =IF(C16="","",IF(Q16<>"",Q16-C16,TODAY()-C16)) | U16: =IF(OR(P16="",Q16<>"",N16="キャンセル"),"",P16-TODAY()) | V16: =IF(D16="","",IF(OR(N16="開通済",Q16<>""),"完了",IF(N16="キャンセル","―",IF(AND(S16<>"",S16<TODAY()),"対応期限超過",IF(AND(P16<>"",P16<TODAY()),"開通予定日超過",IF(AND(S16<>"",S16=TODAY()),"本日対応",IF(AND(P16<>"",P16-TODAY()<=3),"開通間近","")))))))
... A503: =IF(D503="","",ROW()-3) | T503: =IF(C503="","",IF(Q503<>"",Q503-C503,TODAY()-C503)) | U503: =IF(OR(P503="",Q503<>"",N503="キャンセル"),"",P503-TODAY()) | V503: =IF(D503="","",IF(OR(N503="開通済",Q503<>""),"完了",IF(N503="キャンセル","―",IF(AND(S503<>"",S503<TODAY()),"対応期限超過",IF(AND(P503<>"",P503<TODAY()),"開通予定日超過",IF(AND(S503<>"",S503=TODAY()),"本日対応",IF(AND(P503<>"",P503-TODAY()<=3),"開通間近","")))))))

Sheet 集計
A1: 開通状況サマリー
A2: 顧客管理シートから自動集計されます（入力不要）
A4: 総案件数 | B4: =COUNTIF(顧客管理!$D$4:$D$503,"?*") -> 1
A5: 対応中（未開通） | B5: =B4-COUNTIF(顧客管理!$N$4:$N$503,"開通済")-COUNTIF(顧客管理!$N$4:$N$503,"キャンセル") -> 1
A6: 開通済 | B6: =COUNTIF(顧客管理!$N$4:$N$503,"開通済") -> 0
A7: 対応期限超過 | B7: =COUNTIF(顧客管理!$V$4:$V$503,"対応期限超過") -> 0
A8: 開通予定日超過 | B8: =COUNTIF(顧客管理!$V$4:$V$503,"開通予定日超過") -> 0
A9: 本日対応 | B9: =COUNTIF(顧客管理!$V$4:$V$503,"本日対応") -> 0
A10: 今月の開通数 | B10: =COUNTIFS(顧客管理!$Q$4:$Q$503,">="&DATE(YEAR(TODAY()),MONTH(TODAY()),1),顧客管理!$Q$4:$Q$503,"<"&DATE(YEAR(TODAY()),MONTH(TODAY())+1,1)) -> 0
A11: 平均開通日数（受付→開通） | B11: =IFERROR(SUMPRODUCT((顧客管理!$Q$4:$Q$503<>"")*(顧客管理!$C$4:$C$503<>"")*(顧客管理!$Q$4:$Q$503-顧客管理!$C$4:$C$503))/SUMPRODUCT((顧客管理!$Q$4:$Q$503<>"")*(顧客管理!$C$4:$C$503<>"")),"-") -> -
A13: ステータス × 商材
A14: ステータス＼商材 | B14: =マスタ!B2 -> 電気 | C14: =マスタ!B3 -> Wi-Fi（光回線） | D14: =マスタ!B4 -> Wi-Fi（ホームルーター） | E14: =マスタ!B5 -> ガス | F14: =マスタ!B6 -> 水道 | G14: =マスタ!B7 -> その他 | H14: 合計
A15: =マスタ!A2 -> 受付 | B15: =IF(OR($A15="",B$14=""),"",COUNTIFS(顧客管理!$N$4:$N$503,$A15,顧客管理!$J$4:$J$503,B$14)) -> 0 | C15: =IF(OR($A15="",C$14=""),"",COUNTIFS(顧客管理!$N$4:$N$503,$A15,顧客管理!$J$4:$J$503,C$14)) -> 0 | D15: =IF(OR($A15="",D$14=""),"",COUNTIFS(顧客管理!$N$4:$N$503,$A15,顧客管理!$J$4:$J$503,D$14)) -> 0 | E15: =IF(OR($A15="",E$14=""),"",COUNTIFS(顧客管理!$N$4:$N$503,$A15,顧客管理!$J$4:$J$503,E$14)) -> 0 | F15: =IF(OR($A15="",F$14=""),"",COUNTIFS(顧客管理!$N$4:$N$503,$A15,顧客管理!$J$4:$J$503,F$14)) -> 0 | G15: =IF(OR($A15="",G$14=""),"",COUNTIFS(顧客管理!$N$4:$N$503,$A15,顧客管理!$J$4:$J$503,G$14)) -> 0 | H15: =SUM(B15:G15) -> 0
A16: =マスタ!A3 -> 書類待ち | B16: =IF(OR($A16="",B$14=""),"",COUNTIFS(顧客管理!$N$4:$N$503,$A16,顧客管理!$J$4:$J$503,B$14)) -> 0 | C16: =IF(OR($A16="",C$14=""),"",COUNTIFS(顧客管理!$N$4:$N$503,$A16,顧客管理!$J$4:$J$503,C$14)) -> 0 | D16: =IF(OR($A16="",D$14=""),"",COUNTIFS(顧客管理!$N$4:$N$503,$A16,顧客管理!$J$4:$J$503,D$14)) -> 0 | E16: =IF(OR($A16="",E$14=""),"",COUNTIFS(顧客管理!$N$4:$N$503,$A16,顧客管理!$J$4:$J$503,E$14)) -> 0 | F16: =IF(OR($A16="",F$14=""),"",COUNTIFS(顧客管理!$N$4:$N$503,$A16,顧客管理!$J$4:$J$503,F$14)) -> 0 | G16: =IF(OR($A16="",G$14=""),"",COUNTIFS(顧客管理!$N$4:$N$503,$A16,顧客管理!$J$4:$J$503,G$14)) -> 0 | H16: =SUM(B16:G16) -> 0
A17: =マスタ!A4 -> 申込済 | B17: =IF(OR($A17="",B$14=""),"",COUNTIFS(顧客管理!$N$4:$N$503,$A17,顧客管理!$J$4:$J$503,B$14)) -> 0 | C17: =IF(OR($A17="",C$14=""),"",COUNTIFS(顧客管理!$N$4:$N$503,$A17,顧客管理!$J$4:$J$503,C$14)) -> 0 | D17: =IF(OR($A17="",D$14=""),"",COUNTIFS(顧客管理!$N$4:$N$503,$A17,顧客管理!$J$4:$J$503,D$14)) -> 0 | E17: =IF(OR($A17="",E$14=""),"",COUNTIFS(顧客管理!$N$4:$N$503,$A17,顧客管理!$J$4:$J$503,E$14)) -> 0 | F17: =IF(OR($A17="",F$14=""),"",COUNTIFS(顧客管理!$N$4:$N$503,$A17,顧客管理!$J$4:$J$503,F$14)) -> 0 | G17: =IF(OR($A17="",G$14=""),"",COUNTIFS(顧客管理!$N$4:$N$503,$A17,顧客管理!$J$4:$J$503,G$14)) -> 0 | H17: =SUM(B17:G17) -> 0
A18: =マスタ!A5 -> 審査中 | B18: =IF(OR($A18="",B$14=""),"",COUNTIFS(顧客管理!$N$4:$N$503,$A18,顧客管理!$J$4:$J$503,B$14)) -> 0 | C18: =IF(OR($A18="",C$14=""),"",COUNTIFS(顧客管理!$N$4:$N$503,$A18,顧客管理!$J$4:$J$503,C$14)) -> 0 | D18: =IF(OR($A18="",D$14=""),"",COUNTIFS(顧客管理!$N$4:$N$503,$A18,顧客管理!$J$4:$J$503,D$14)) -> 0 | E18: =IF(OR($A18="",E$14=""),"",COUNTIFS(顧客管理!$N$4:$N$503,$A18,顧客管理!$J$4:$J$503,E$14)) -> 0 | F18: =IF(OR($A18="",F$14=""),"",COUNTIFS(顧客管理!$N$4:$N$503,$A18,顧客管理!$J$4:$J$503,F$14)) -> 0 | G18: =IF(OR($A18="",G$14=""),"",COUNTIFS(顧客管理!$N$4:$N$503,$A18,顧客管理!$J$4:$J$503,G$14)) -> 0 | H18: =SUM(B18:G18) -> 0
A19: =マスタ!A6 -> 工事日調整中 | B19: =IF(OR($A19="",B$14=""),"",COUNTIFS(顧客管理!$N$4:$N$503,$A19,顧客管理!$J$4:$J$503,B$14)) -> 0 | C19: =IF(OR($A19="",C$14=""),"",COUNTIFS(顧客管理!$N$4:$N$503,$A19,顧客管理!$J$4:$J$503,C$14)) -> 1 | D19: =IF(OR($A19="",D$14=""),"",COUNTIFS(顧客管理!$N$4:$N$503,$A19,顧客管理!$J$4:$J$503,D$14)) -> 0 | E19: =IF(OR($A19="",E$14=""),"",COUNTIFS(顧客管理!$N$4:$N$503,$A19,顧客管理!$J$4:$J$503,E$14)) -> 0 | F19: =IF(OR($A19="",F$14=""),"",COUNTIFS(顧客管理!$N$4:$N$503,$A19,顧客管理!$J$4:$J$503,F$14)) -> 0 | G19: =IF(OR($A19="",G$14=""),"",COUNTIFS(顧客管理!$N$4:$N$503,$A19,顧客管理!$J$4:$J$503,G$14)) -> 0 | H19: =SUM(B19:G19) -> 1
A20: =マスタ!A7 -> 工事・切替日確定 | B20: =IF(OR($A20="",B$14=""),"",COUNTIFS(顧客管理!$N$4:$N$503,$A20,顧客管理!$J$4:$J$503,B$14)) -> 0 | C20: =IF(OR($A20="",C$14=""),"",COUNTIFS(顧客管理!$N$4:$N$503,$A20,顧客管理!$J$4:$J$503,C$14)) -> 0 | D20: =IF(OR($A20="",D$14=""),"",COUNTIFS(顧客管理!$N$4:$N$503,$A20,顧客管理!$J$4:$J$503,D$14)) -> 0 | E20: =IF(OR($A20="",E$14=""),"",COUNTIFS(顧客管理!$N$4:$N$503,$A20,顧客管理!$J$4:$J$503,E$14)) -> 0 | F20: =IF(OR($A20="",F$14=""),"",COUNTIFS(顧客管理!$N$4:$N$503,$A20,顧客管理!$J$4:$J$503,F$14)) -> 0 | G20: =IF(OR($A20="",G$14=""),"",COUNTIFS(顧客管理!$N$4:$N$503,$A20,顧客管理!$J$4:$J$503,G$14)) -> 0 | H20: =SUM(B20:G20) -> 0
A21: =マスタ!A8 -> 開通済 | B21: =IF(OR($A21="",B$14=""),"",COUNTIFS(顧客管理!$N$4:$N$503,$A21,顧客管理!$J$4:$J$503,B$14)) -> 0 | C21: =IF(OR($A21="",C$14=""),"",COUNTIFS(顧客管理!$N$4:$N$503,$A21,顧客管理!$J$4:$J$503,C$14)) -> 0 | D21: =IF(OR($A21="",D$14=""),"",COUNTIFS(顧客管理!$N$4:$N$503,$A21,顧客管理!$J$4:$J$503,D$14)) -> 0 | E21: =IF(OR($A21="",E$14=""),"",COUNTIFS(顧客管理!$N$4:$N$503,$A21,顧客管理!$J$4:$J$503,E$14)) -> 0 | F21: =IF(OR($A21="",F$14=""),"",COUNTIFS(顧客管理!$N$4:$N$503,$A21,顧客管理!$J$4:$J$503,F$14)) -> 0 | G21: =IF(OR($A21="",G$14=""),"",COUNTIFS(顧客管理!$N$4:$N$503,$A21,顧客管理!$J$4:$J$503,G$14)) -> 0 | H21: =SUM(B21:G21) -> 0
A22: =マスタ!A9 -> 保留 | B22: =IF(OR($A22="",B$14=""),"",COUNTIFS(顧客管理!$N$4:$N$503,$A22,顧客管理!$J$4:$J$503,B$14)) -> 0 | C22: =IF(OR($A22="",C$14=""),"",COUNTIFS(顧客管理!$N$4:$N$503,$A22,顧客管理!$J$4:$J$503,C$14)) -> 0 | D22: =IF(OR($A22="",D$14=""),"",COUNTIFS(顧客管理!$N$4:$N$503,$A22,顧客管理!$J$4:$J$503,D$14)) -> 0 | E22: =IF(OR($A22="",E$14=""),"",COUNTIFS(顧客管理!$N$4:$N$503,$A22,顧客管理!$J$4:$J$503,E$14)) -> 0 | F22: =IF(OR($A22="",F$14=""),"",COUNTIFS(顧客管理!$N$4:$N$503,$A22,顧客管理!$J$4:$J$503,F$14)) -> 0 | G22: =IF(OR($A22="",G$14=""),"",COUNTIFS(顧客管理!$N$4:$N$503,$A22,顧客管理!$J$4:$J$503,G$14)) -> 0 | H22: =SUM(B22:G22) -> 0
A23: =マスタ!A10 -> キャンセル | B23: =IF(OR($A23="",B$14=""),"",COUNTIFS(顧客管理!$N$4:$N$503,$A23,顧客管理!$J$4:$J$503,B$14)) -> 0 | C23: =IF(OR($A23="",C$14=""),"",COUNTIFS(顧客管理!$N$4:$N$503,$A23,顧客管理!$J$4:$J$503,C$14)) -> 0 | D23: =IF(OR($A23="",D$14=""),"",COUNTIFS(顧客管理!$N$4:$N$503,$A23,顧客管理!$J$4:$J$503,D$14)) -> 0 | E23: =IF(OR($A23="",E$14=""),"",COUNTIFS(顧客管理!$N$4:$N$503,$A23,顧客管理!$J$4:$J$503,E$14)) -> 0 | F23: =IF(OR($A23="",F$14=""),"",COUNTIFS(顧客管理!$N$4:$N$503,$A23,顧客管理!$J$4:$J$503,F$14)) -> 0 | G23: =IF(OR($A23="",G$14=""),"",COUNTIFS(顧客管理!$N$4:$N$503,$A23,顧客管理!$J$4:$J$503,G$14)) -> 0 | H23: =SUM(B23:G23) -> 0
A24: 合計 | B24: =SUM(B15:B23) -> 0 | C24: =SUM(C15:C23) -> 1 | D24: =SUM(D15:D23) -> 0 | E24: =SUM(E15:E23) -> 0 | F24: =SUM(F15:F23) -> 0 | G24: =SUM(G15:G23) -> 0 | H24: =SUM(H15:H23) -> 1
A26: 担当者別 対応中件数
A27: 担当者 | B27: 対応中 | C27: 期限超過
A28: =マスタ!C2 -> 山田 | B28: =IF(A28="","",COUNTIFS(顧客管理!$M$4:$M$503,A28,顧客管理!$N$4:$N$503,"<>開通済",顧客管理!$N$4:$N$503,"<>キャンセル",顧客管理!$D$4:$D$503,"?*")) -> 1 | C28: =IF(A28="","",COUNTIFS(顧客管理!$M$4:$M$503,A28,顧客管理!$V$4:$V$503,"*超過")) -> 0
A29: =マスタ!C3 -> 佐藤 | B29: =IF(A29="","",COUNTIFS(顧客管理!$M$4:$M$503,A29,顧客管理!$N$4:$N$503,"<>開通済",顧客管理!$N$4:$N$503,"<>キャンセル",顧客管理!$D$4:$D$503,"?*")) -> 0 | C29: =IF(A29="","",COUNTIFS(顧客管理!$M$4:$M$503,A29,顧客管理!$V$4:$V$503,"*超過")) -> 0
A30: =マスタ!C4 -> 鈴木 | B30: =IF(A30="","",COUNTIFS(顧客管理!$M$4:$M$503,A30,顧客管理!$N$4:$N$503,"<>開通済",顧客管理!$N$4:$N$503,"<>キャンセル",顧客管理!$D$4:$D$503,"?*")) -> 0 | C30: =IF(A30="","",COUNTIFS(顧客管理!$M$4:$M$503,A30,顧客管理!$V$4:$V$503,"*超過")) -> 0
A31: =マスタ!C5 -> （追加してください） | B31: =IF(A31="","",COUNTIFS(顧客管理!$M$4:$M$503,A31,顧客管理!$N$4:$N$503,"<>開通済",顧客管理!$N$4:$N$503,"<>キャンセル",顧客管理!$D$4:$D$503,"?*")) -> 0 | C31: =IF(A31="","",COUNTIFS(顧客管理!$M$4:$M$503,A31,顧客管理!$V$4:$V$503,"*超過")) -> 0

Sheet マスタ
A1: ステータス | B1: 商材 | C1: 担当者 | D1: 獲得経路 | E1: 支払方法
A2: 受付 | B2: 電気 | C2: 山田 | D2: 不動産会社紹介 | E2: クレジットカード
A3: 書類待ち | B3: Wi-Fi（光回線） | C3: 佐藤 | D3: Web問い合わせ | E3: 口座振替
A4: 申込済 | B4: Wi-Fi（ホームルーター） | C4: 鈴木 | D4: 電話 | E4: 請求書払い
A5: 審査中 | B5: ガス | C5: （追加してください） | D5: 既存顧客紹介
A6: 工事日調整中 | B6: 水道 | D6: その他
A7: 工事・切替日確定 | B7: その他
A8: 開通済
A9: 保留
A10: キャンセル
A12: ※黄色セルは自由に追加・変更できます。各列の2〜30行目がプルダウンの選択肢になります。

Sheet 使い方
A1: 開通管理表の使い方
A3: 1. 新しいお客様の問い合わせが来たら「顧客管理」シートの空いている行に入力します。
A4: ・黄色のセル＝入力欄です。青灰色のセル（No・経過日数・開通予定まで・アラート）は自動計算なので触らないでください。
A5: ・1行＝1案件です。電気とWi-Fiを両方申し込むお客様は2行に分け、同じ「顧客ID」を入れてください。
A6: ・4行目は記入例です。使い始めるときに行ごと削除するか上書きしてください。
A7: 2. 進捗に合わせて「ステータス」をプルダウンから選び、「次回アクション」「次回対応日」を更新します。
A8: ステータスの流れ：受付 → 書類待ち → 申込済 → 審査中 → 工事日調整中 → 工事・切替日確定 → 開通済
A9: （電気は工事不要な場合が多いので「申込済 → 工事・切替日確定（切替日）→ 開通済」と進めてOK）
A10: 3. 開通したら「開通日」を入力し、ステータスを「開通済」にします（行が緑色になります）。
A11: 4. 「アラート」列が自動で色付きになります。
A12: 赤：対応期限超過（次回対応日が過去）／濃い赤：開通予定日超過／オレンジ：本日対応／黄：開通まで3日以内
A13: 5. 見出し行のフィルター（▼）で「担当者」「ステータス」「アラート」を絞り込むと、今日やることが一覧で見られます。
... A18: ※ 個人情報を含むため、共有範囲（閲覧できる人）の設定に注意してください。
